Mono path[0] = 'D:/Asylum2.5/7 Days To Die/7DaysToDie_Data/Managed'
Mono config path = 'D:/Asylum2.5/7 Days To Die/MonoBleedingEdge/etc'
Input System module state changed to: Initialized.
[PhysX] Initialized MultithreadedTaskDispatcher with 28 workers.
Loading player data from D:/Asylum2.5/7 Days To Die/7DaysToDie_Data/data.unity3d
Initialize engine version: 2022.3.62f2 (7670c08855a9)
[Subsystems] Discovering subsystems at path D:/Asylum2.5/7 Days To Die/7DaysToDie_Data/UnitySubsystems
GfxDevice: creating device client; threaded=1; jobified=1
Direct3D:
    Version:  Direct3D 11.0 [level 11.1]
    Renderer: NVIDIA GeForce RTX 4060 Laptop GPU (ID=0x28a0)
    Vendor:   NVIDIA
    VRAM:     7957 MB
    Driver:   32.0.15.7652
Begin MonoManager ReloadAssembly
- Loaded All Assemblies, in  0.092 seconds
- Finished resetting the current domain, in  0.001 seconds
<RI> Initializing input.
<RI> Input initialized.
<RI> Initialized touch support.
[PhysX] Initialized MultithreadedTaskDispatcher with 28 workers.
UnloadTime: 0.891800 ms
2025-12-23T17:47:31 0.025 INF Backtrace Initialized
2025-12-23T17:47:31 0.053 INF Version: V 2.5 (b18) Compatibility Version: V 2.5, Build: WindowsPlayer 64 Bit
2025-12-23T17:47:31 0.053 INF System information:
2025-12-23T17:47:31 0.054 INF    OS: Windows 11  (10.0.26200) 64bit
2025-12-23T17:47:31 0.054 INF    CPU: Intel(R) Core(TM) i7-14700HX (cores: 28)
2025-12-23T17:47:31 0.055 INF    RAM: 65239 MB
2025-12-23T17:47:31 0.056 INF    GPU: NVIDIA GeForce RTX 4060 Laptop GPU (7957 MB)
2025-12-23T17:47:31 0.060 INF    Graphics API: Direct3D 11.0 [level 11.1] (shader level 5.0)
2025-12-23T17:47:31 0.061 INF Local UTC offset: 0 hours
2025-12-23T17:47:31 0.079 INF Command line arguments: "D:\Asylum2.5\7 Days To Die\7DaysToDie.exe"
2025-12-23T17:47:31 0.080 INF UserDataFolder: C:\Users\polil\AppData\Roaming/7DaysToDie
2025-12-23T17:47:31 0.082 INF [Platform] Init
2025-12-23T17:47:31 0.117 INF [Platform] Using native platform: Steam
2025-12-23T17:47:31 0.119 INF [Platform] Using cross platform: EOS
2025-12-23T17:47:31 0.120 INF [Platform] Using server platform: Steam
2025-12-23T17:47:31 0.120 INF [Platform] Using server platform: XBL
2025-12-23T17:47:31 0.121 INF [Platform] Using server platform: PSN
2025-12-23T17:47:31 0.121 INF [Platform] Using server platform: LAN
2025-12-23T17:47:31 0.130 INF Starting PlayerInputManager...
2025-12-23T17:47:31 0.131 INF InControl (version 1.8.9 build 9376, native module = True, XInput = True)
2025-12-23T17:47:31 0.134 INF InControl (version 1.8.9 build 9376)
2025-12-23T17:47:31 0.139 INF InControl Native (version 1.0.6)
2025-12-23T17:47:31 0.210 INF [InControl] NativeInputDeviceManager enabled.
2025-12-23T17:47:31 0.225 INF [Platform] Initializing Steam
2025-12-23T17:47:32 0.374 INF [Steamworks.NET] SteamAPI_Init() ok
2025-12-23T17:47:32 0.375 INF [Steamworks.NET] Registering auth callbacks
2025-12-23T17:47:32 0.377 INF Not running in Big Picture Mode, no on-screen keyboard available
2025-12-23T17:47:32 0.377 INF [Platform] Initializing EOS
2025-12-23T17:47:32 0.396 INF [EOS] Initialize: Success
2025-12-23T17:47:32 0.417 INF [EOS-Voice] Successfully initialized.
2025-12-23T17:47:32 0.418 INF [EOS-ACC] Not started with EAC, anticheat disabled
2025-12-23T17:47:32 0.418 INF [EAC] AntiCheatServerP2P initialized with null interface
2025-12-23T17:47:32 0.419 INF [Platform] Initializing XBL
2025-12-23T17:47:32 0.420 INF [Platform] Initializing PSN
2025-12-23T17:47:32 0.420 INF [Platform] Initializing LAN
2025-12-23T17:47:32 0.422 INF [SaveDataUtils] InitStatic Begin
2025-12-23T17:47:32 0.424 INF [SaveDataUtils] SdPlayerPrefs -> Unity
2025-12-23T17:47:32 0.424 INF [SaveDataUtils] InitStatic Complete
2025-12-23T17:47:32 0.434 INF Attached native device with handle 1:
Name: XInput Controller
Driver Type: XInput
Location ID: XInput::1
Serial Number: 
Vendor ID: 0xffff
Product ID: 0x0
Version Number: 0x1
Buttons: 14
Analogs: 6

2025-12-23T17:47:32 0.481 INF Last played version: V 2.5
2025-12-23T17:47:32 0.655 INF Localization language from platform: english
Unloading 6 Unused Serialized files (Serialized files now loaded: 0)
[PhysX] Initialized MultithreadedTaskDispatcher with 28 workers.
UnloadTime: 1.007800 ms
2025-12-23T17:47:32 0.672 INF Texture quality is set to 0
Unloading 8 unused Assets to reduce memory usage. Loaded Objects now: 6254.
Total: 6.934400 ms (FindLiveObjects: 0.323600 ms CreateObjectMapping: 0.115700 ms MarkObjects: 6.431600 ms  DeleteObjects: 0.063200 ms)

Unloading 5 Unused Serialized files (Serialized files now loaded: 0)
[PhysX] Initialized MultithreadedTaskDispatcher with 28 workers.
UnloadTime: 1.395800 ms
2025-12-23T17:47:39 8.166 INF Awake IsFocused: True
2025-12-23T17:47:39 8.166 INF Awake
2025-12-23T17:47:40 8.344 INF Occlusion: Awake
Unloading 5 unused Assets to reduce memory usage. Loaded Objects now: 6578.
Total: 9.765400 ms (FindLiveObjects: 0.196000 ms CreateObjectMapping: 0.115800 ms MarkObjects: 9.425700 ms  DeleteObjects: 0.027400 ms)

2025-12-23T17:47:40 8.389 INF ApplyAllOptions streaming budget 7161.3 MB
2025-12-23T17:47:40 8.391 INF ApplyAllOptions current screen 2560 x 1600, 240.014297385621hz, window 2560 x 1600, mode FullScreenWindow
2025-12-23T17:47:40 8.392 INF Texture quality is set to 0
2025-12-23T17:47:40 8.393 INF ApplyTextureFilter 3, AF Enable
2025-12-23T17:47:40 8.394 INF ApplyTerrainOptions 2
2025-12-23T17:47:40 8.511 INF [MODS] Start loading from: 'C:\Users\polil\AppData\Roaming/7DaysToDie/Mods'
2025-12-23T17:47:40 8.513 INF [MODS]   Trying to load from folder: '0_TFP_Harmony'
2025-12-23T17:47:40 8.524 INF [MODS]     Loaded assembly 0Harmony (in C:\Users\polil\AppData\Roaming\7DaysToDie\Mods\0_TFP_Harmony\0Harmony.dll)
2025-12-23T17:47:40 8.525 INF [MODS]     Loaded assembly Mono.Cecil (in C:\Users\polil\AppData\Roaming\7DaysToDie\Mods\0_TFP_Harmony\Mono.Cecil.dll)
2025-12-23T17:47:40 8.526 INF [MODS]     Loaded assembly Mono.Cecil.Mdb (in C:\Users\polil\AppData\Roaming\7DaysToDie\Mods\0_TFP_Harmony\Mono.Cecil.Mdb.dll)
2025-12-23T17:47:40 8.527 INF [MODS]     Loaded assembly Mono.Cecil.Pdb (in C:\Users\polil\AppData\Roaming\7DaysToDie\Mods\0_TFP_Harmony\Mono.Cecil.Pdb.dll)
2025-12-23T17:47:40 8.528 INF [MODS]     Loaded assembly Mono.Cecil.Rocks (in C:\Users\polil\AppData\Roaming\7DaysToDie\Mods\0_TFP_Harmony\Mono.Cecil.Rocks.dll)
2025-12-23T17:47:40 8.529 INF [MODS]     Loaded assembly MonoMod.Backports (in C:\Users\polil\AppData\Roaming\7DaysToDie\Mods\0_TFP_Harmony\MonoMod.Backports.dll)
2025-12-23T17:47:40 8.530 INF [MODS]     Loaded assembly MonoMod.Core (in C:\Users\polil\AppData\Roaming\7DaysToDie\Mods\0_TFP_Harmony\MonoMod.Core.dll)
2025-12-23T17:47:40 8.531 INF [MODS]     Loaded assembly MonoMod.Iced (in C:\Users\polil\AppData\Roaming\7DaysToDie\Mods\0_TFP_Harmony\MonoMod.Iced.dll)
2025-12-23T17:47:40 8.531 INF [MODS]     Loaded assembly MonoMod.ILHelpers (in C:\Users\polil\AppData\Roaming\7DaysToDie\Mods\0_TFP_Harmony\MonoMod.ILHelpers.dll)
2025-12-23T17:47:40 8.532 INF [MODS]     Loaded assembly MonoMod.RuntimeDetour (in C:\Users\polil\AppData\Roaming\7DaysToDie\Mods\0_TFP_Harmony\MonoMod.RuntimeDetour.dll)
2025-12-23T17:47:40 8.533 INF [MODS]     Loaded assembly MonoMod.Utils (in C:\Users\polil\AppData\Roaming\7DaysToDie\Mods\0_TFP_Harmony\MonoMod.Utils.dll)
2025-12-23T17:47:40 8.534 INF [MODS]     Loaded assembly System.ValueTuple (in C:\Users\polil\AppData\Roaming\7DaysToDie\Mods\0_TFP_Harmony\System.ValueTuple.dll)
2025-12-23T17:47:40 8.535 INF [MODS]     Loaded assembly TfpHarmony (in C:\Users\polil\AppData\Roaming\7DaysToDie\Mods\0_TFP_Harmony\TfpHarmony.dll)
2025-12-23T17:47:40 8.535 INF [MODS]     Loaded Mod: TFP_Harmony (1.1.0.4)
2025-12-23T17:47:40 8.536 INF [MODS] Start loading from: 'D:/Asylum2.5/7 Days To Die/7DaysToDie_Data/../Mods'
2025-12-23T17:47:40 8.537 INF [MODS]   Trying to load from folder: '0_TFP_Harmony'
2025-12-23T17:47:40 8.538 WRN [MODS]     Mod with same name (TFP_Harmony) already loaded, ignoring
2025-12-23T17:47:40 8.538 INF [MODS]   Trying to load from folder: '00000-Gears'
2025-12-23T17:47:40 8.539 INF [MODS]     Loaded assembly Gears (in D:\Asylum2.5\7 Days To Die\Mods\00000-Gears\Gears.dll)
2025-12-23T17:47:40 8.540 INF [MODS]     Loaded assembly GearsAPI (in D:\Asylum2.5\7 Days To Die\Mods\00000-Gears\GearsAPI.dll)
2025-12-23T17:47:40 8.541 INF [MODS]     Loaded Mod: Gears (6.0.0)
2025-12-23T17:47:40 8.541 INF [MODS]   Trying to load from folder: '0-Quartz'
2025-12-23T17:47:40 8.542 INF [MODS]     Loaded assembly GearsAPI (in D:\Asylum2.5\7 Days To Die\Mods\00000-Gears\GearsAPI.dll)
2025-12-23T17:47:40 8.542 INF [MODS]     Loaded assembly Quartz (in D:\Asylum2.5\7 Days To Die\Mods\0-Quartz\Quartz.dll)
2025-12-23T17:47:40 8.543 INF [MODS]     Loaded Mod: Quartz (7.0.0)
2025-12-23T17:47:40 8.543 INF [MODS]   Trying to load from folder: '0-SCore-2.5.2.1743'
2025-12-23T17:47:40 8.544 INF [MODS]     Loaded assembly SCore (in D:\Asylum2.5\7 Days To Die\Mods\0-SCore-2.5.2.1743\SCore.dll)
2025-12-23T17:47:40 8.545 INF [MODS]     Loaded Mod: 0-SCore_sphereii (2.5.2.1743)
2025-12-23T17:47:40 8.545 INF [MODS]   Trying to load from folder: '0-TheAsylumCore'
2025-12-23T17:47:40 8.546 INF [MODS]     Loaded assembly AsylumNightBrightness (in D:\Asylum2.5\7 Days To Die\Mods\0-TheAsylumCore\AsylumNightBrightness.dll)
2025-12-23T17:47:40 8.547 INF [MODS]     Loaded assembly AsylumOverhaul_OreSpawning (in D:\Asylum2.5\7 Days To Die\Mods\0-TheAsylumCore\AsylumOverhaul_OreSpawning.dll)
2025-12-23T17:47:40 8.548 INF [MODS]     Loaded assembly AsylumVehicleShutdown (in D:\Asylum2.5\7 Days To Die\Mods\0-TheAsylumCore\AsylumVehicleShutdown.dll)
2025-12-23T17:47:40 8.548 INF [MODS]     Loaded assembly DeathAnnouncerMod (in D:\Asylum2.5\7 Days To Die\Mods\0-TheAsylumCore\DeathAnnouncerMod.dll)
2025-12-23T17:47:40 8.549 INF [MODS]     Loaded assembly WhoDoneItMod (in D:\Asylum2.5\7 Days To Die\Mods\0-TheAsylumCore\WhoDoneItMod.dll)
2025-12-23T17:47:40 8.549 INF [MODS]     Loaded Mod: TheAsylumCore (1.0.0)
2025-12-23T17:47:40 8.550 INF [MODS]   Trying to load from folder: '0-XNPCCore'
2025-12-23T17:47:40 8.550 INF [MODS]     Loaded Mod: 0-XNPCCore (2.1.4)
2025-12-23T17:47:40 8.550 INF [MODS]   Trying to load from folder: '7D2D-higher-terrain-master'
2025-12-23T17:47:40 8.551 INF [MODS]     Loaded assembly higher-terrain (in D:\Asylum2.5\7 Days To Die\Mods\7D2D-higher-terrain-master\higher-terrain.dll)
2025-12-23T17:47:40 8.551 INF [MODS]     Loaded Mod: HigherTerrain (0.0.0)
2025-12-23T17:47:40 8.551 INF [MODS]   Trying to load from folder: '7D2D-mod-utils'
2025-12-23T17:47:40 8.552 INF [MODS]     Loaded assembly mod-utils (in D:\Asylum2.5\7 Days To Die\Mods\7D2D-mod-utils\mod-utils.dll)
2025-12-23T17:47:40 8.553 INF [MODS]     Loaded Mod: ModUtils (0.0.2)
2025-12-23T17:47:40 8.553 INF [MODS]   Trying to load from folder: '7D2D-Procedural-Caves-dev'
2025-12-23T17:47:40 8.553 WRN [MODS]     Folder 7D2D-Procedural-Caves-dev does not contain a ModInfo.xml, ignoring
2025-12-23T17:47:40 8.553 INF [MODS]   Trying to load from folder: '7D2D-Procedural-Caves-master'
2025-12-23T17:47:40 8.553 WRN [MODS]     Folder 7D2D-Procedural-Caves-master does not contain a ModInfo.xml, ignoring
2025-12-23T17:47:40 8.553 INF [MODS]   Trying to load from folder: '7daysC'
2025-12-23T17:47:40 8.554 WRN [MODS]     Folder 7daysC does not contain a ModInfo.xml, ignoring
2025-12-23T17:47:40 8.554 INF [MODS]   Trying to load from folder: 'Aerodrifter-vehicle'
2025-12-23T17:47:40 8.554 INF [MODS]     Loaded Mod: Aerodrifter (2.2.0.1)
2025-12-23T17:47:40 8.554 INF [MODS]   Trying to load from folder: 'AGFRoboticInbox'
2025-12-23T17:47:40 8.556 INF [MODS]     Loaded assembly RoboticInbox (in D:\Asylum2.5\7 Days To Die\Mods\AGFRoboticInbox\RoboticInbox.dll)
2025-12-23T17:47:40 8.556 INF [MODS]     Loaded Mod: AsylumRoboticInbox (2.0)
2025-12-23T17:47:40 8.556 INF [MODS]   Trying to load from folder: 'Asylum_InfernalTraps'
2025-12-23T17:47:40 8.556 INF [MODS]     Loaded Mod: AsylumInfernalTraps (2.0)
2025-12-23T17:47:40 8.557 INF [MODS]   Trying to load from folder: 'AsylumApocNPC'
2025-12-23T17:47:40 8.557 INF [MODS]     Loaded Mod: AsylumApocNPC (1.0.0)
2025-12-23T17:47:40 8.557 INF [MODS]   Trying to load from folder: 'AsylumBiomeBadgeKillsRebalance'
2025-12-23T17:47:40 8.558 INF [MODS]     Loaded Mod: BiomeBadgeKillsRebalance (1.0.0)
2025-12-23T17:47:40 8.558 INF [MODS]   Trying to load from folder: 'Asylumbiometrees'
2025-12-23T17:47:40 8.558 INF [MODS]     Loaded Mod: AsylumbiomeTrees (2.3)
2025-12-23T17:47:40 8.558 INF [MODS]   Trying to load from folder: 'AsylumCrusher'
2025-12-23T17:47:40 8.559 INF [MODS]     Loaded assembly AsylumCrusher (in D:\Asylum2.5\7 Days To Die\Mods\AsylumCrusher\AsylumCrusher.dll)
2025-12-23T17:47:40 8.559 INF [MODS]     Loaded Mod: AsylumCrusher (1.0.0)
2025-12-23T17:47:40 8.560 INF [MODS]   Trying to load from folder: 'AsylumCustomMenu'
2025-12-23T17:47:40 8.561 INF [MODS]     Loaded assembly ImmersiveLoadingScreens (in D:\Asylum2.5\7 Days To Die\Mods\AsylumCustomMenu\ImmersiveLoadingScreens.dll)
2025-12-23T17:47:40 8.561 INF [MODS]     Loaded Mod: AsylumCustomMenu (2.0)
2025-12-23T17:47:40 8.561 INF [MODS]   Trying to load from folder: 'AsylumCustomMenuMusic'
2025-12-23T17:47:40 8.562 INF [MODS]     Loaded assembly AsylumCustomMenuMusic (in D:\Asylum2.5\7 Days To Die\Mods\AsylumCustomMenuMusic\AsylumCustomMenuMusic.dll)
2025-12-23T17:47:40 8.562 INF [MODS]     Loaded Mod: AsylumCustomMenuMusic (2.0)
2025-12-23T17:47:40 8.563 INF [MODS]   Trying to load from folder: 'AsylumDemonsEndgame'
2025-12-23T17:47:40 8.564 INF [MODS]     Loaded assembly AsylumDemonsEndgame (in D:\Asylum2.5\7 Days To Die\Mods\AsylumDemonsEndgame\AsylumDemonsEndgame.dll)
2025-12-23T17:47:40 8.564 INF [MODS]     Loaded Mod: AsylumDemonsEndgame (1.0.0)
2025-12-23T17:47:40 8.564 INF [MODS]   Trying to load from folder: 'AsylumEMidgameDemons'
2025-12-23T17:47:40 8.564 INF [MODS]     Loaded Mod: MidgameDemons (1.0.0)
2025-12-23T17:47:40 8.564 INF [MODS]   Trying to load from folder: 'AsylumEntities-revised'
2025-12-23T17:47:40 8.565 INF [MODS]     Loaded assembly AsylumEntities (in D:\Asylum2.5\7 Days To Die\Mods\AsylumEntities-revised\AsylumEntities.dll)
2025-12-23T17:47:40 8.566 INF [MODS]     Loaded assembly KHZShaderTest (in D:\Asylum2.5\7 Days To Die\Mods\AsylumEntities-revised\KHZShaderTest.dll)
2025-12-23T17:47:40 8.566 INF [MODS]     Loaded Mod: AsylumEntities-revised (1.0.0)
2025-12-23T17:47:40 8.567 INF [MODS]   Trying to load from folder: 'AsylumInfernalArmors'
2025-12-23T17:47:40 8.567 INF [MODS]     Loaded Mod: AsylumInfernalArmors (2.0)
2025-12-23T17:47:40 8.567 INF [MODS]   Trying to load from folder: 'AsylumLegendaryTools'
2025-12-23T17:47:40 8.568 INF [MODS]     Loaded Mod: AsylumLegendaryTools (2.1)
2025-12-23T17:47:40 8.568 INF [MODS]   Trying to load from folder: 'AsylumLegendaryWeapons'
2025-12-23T17:47:40 8.568 INF [MODS]     Loaded Mod: SMALW (1.0.0.0)
2025-12-23T17:47:40 8.568 INF [MODS]   Trying to load from folder: 'AsylumLootContainers'
2025-12-23T17:47:40 8.568 INF [MODS]     Loaded Mod: SylumLootContainer (2.2.0.1)
2025-12-23T17:47:40 8.569 INF [MODS]   Trying to load from folder: 'AsylumNightVisionGreen'
2025-12-23T17:47:40 8.570 INF [MODS]     Loaded assembly AsylumNightVisionGreen (in D:\Asylum2.5\7 Days To Die\Mods\AsylumNightVisionGreen\AsylumNightVisionGreen.dll)
2025-12-23T17:47:40 8.570 INF [MODS]     Loaded Mod: AsylumNightVisionGreen (1.0.0)
2025-12-23T17:47:40 8.570 INF [MODS]   Trying to load from folder: 'AsylumPOIDensityFix'
2025-12-23T17:47:40 8.570 WRN [MODS]     Folder AsylumPOIDensityFix does not contain a ModInfo.xml, ignoring
2025-12-23T17:47:40 8.570 INF [MODS]   Trying to load from folder: 'Asylumquantum-elevators-main'
2025-12-23T17:47:40 8.571 INF [MODS]     Loaded assembly QuantumElevators (in D:\Asylum2.5\7 Days To Die\Mods\Asylumquantum-elevators-main\QuantumElevators.dll)
2025-12-23T17:47:40 8.572 INF [MODS]     Loaded Mod: kanaverum-quantum-elevators (5.0.1)
2025-12-23T17:47:40 8.572 INF [MODS]   Trying to load from folder: 'AsylumQuestClassSystem'
2025-12-23T17:47:40 8.572 INF [MODS]     Loaded Mod: AsylumQuestClassSystem (1.0.0)
2025-12-23T17:47:40 8.572 INF [MODS]   Trying to load from folder: 'Asylumquestrevamp'
2025-12-23T17:47:40 8.573 INF [MODS]     Loaded Mod: Asylumquestrevamp (1.0.0)
2025-12-23T17:47:40 8.573 INF [MODS]   Trying to load from folder: 'AsylumScreamerHorde'
2025-12-23T17:47:40 8.573 INF [MODS]     Loaded Mod: AsylumScreamerHorde (1.0.0)
2025-12-23T17:47:40 8.573 INF [MODS]   Trying to load from folder: 'AsylumSkillcoins'
2025-12-23T17:47:40 8.574 INF [MODS]     Loaded Mod: SkillCoins (1.1.0.1)
2025-12-23T17:47:40 8.574 INF [MODS]   Trying to load from folder: 'AsylumSmellRemoval'
2025-12-23T17:47:40 8.574 INF [MODS]     Loaded Mod: AsylumSmellRemoval (1.0.0)
2025-12-23T17:47:40 8.574 INF [MODS]   Trying to load from folder: 'AsylumSpecial_Monsters'
2025-12-23T17:47:40 8.575 INF [MODS]     Loaded assembly DW_Special_Monsters (in D:\Asylum2.5\7 Days To Die\Mods\AsylumSpecial_Monsters\DW_Special_Monsters.dll)
2025-12-23T17:47:40 8.576 INF [MODS]     Loaded Mod: DWSM (1.2)
2025-12-23T17:47:40 8.576 INF [MODS]   Trying to load from folder: 'AsylumSpecialAnimals'
2025-12-23T17:47:40 8.576 INF [MODS]     Loaded Mod: ASA (1.0)
2025-12-23T17:47:40 8.576 INF [MODS]   Trying to load from folder: 'AsylumTraderModels'
2025-12-23T17:47:40 8.577 INF [MODS]     Loaded Mod: AsylumTraderModels (2.0)
2025-12-23T17:47:40 8.577 INF [MODS]   Trying to load from folder: 'AsylumTraderVoices'
2025-12-23T17:47:40 8.577 INF [MODS]     Loaded Mod: AsylumTraderVoices (1.4.1)
2025-12-23T17:47:40 8.577 INF [MODS]   Trying to load from folder: 'AsylumTwistedMedicine'
2025-12-23T17:47:40 8.578 INF [MODS]     Loaded Mod: AsylumTwistedMedicine (2.0.0)
2025-12-23T17:47:40 8.578 INF [MODS]   Trying to load from folder: 'AsylumUfo'
2025-12-23T17:47:40 8.578 INF [MODS]     Loaded Mod: AsylumUFO (2.2.0.1)
2025-12-23T17:47:40 8.578 INF [MODS]   Trying to load from folder: 'AsylumUraniumAmmo'
2025-12-23T17:47:40 8.579 INF [MODS]     Loaded Mod: UraniumAmmo (2.0.0)
2025-12-23T17:47:40 8.579 INF [MODS]   Trying to load from folder: 'AsylumVehicles'
2025-12-23T17:47:40 8.579 INF [MODS]     Loaded Mod: AsylumVehicles (1.0.0.1)
2025-12-23T17:47:40 8.579 INF [MODS]   Trying to load from folder: 'AsylumWorkstations'
2025-12-23T17:47:40 8.580 INF [MODS]     Loaded assembly AsylumAmmoPress (in D:\Asylum2.5\7 Days To Die\Mods\AsylumWorkstations\AsylumAmmoPress.dll)
2025-12-23T17:47:40 8.581 INF [MODS]     Loaded assembly AsylumAutoMiner (in D:\Asylum2.5\7 Days To Die\Mods\AsylumWorkstations\AsylumAutoMiner.dll)
2025-12-23T17:47:40 8.582 INF [MODS]     Loaded assembly AsylumWorkstations (in D:\Asylum2.5\7 Days To Die\Mods\AsylumWorkstations\AsylumWorkstations.dll)
2025-12-23T17:47:40 8.582 INF [MODS]     Loaded Mod: AsylumWorkstations (1.0.0)
2025-12-23T17:47:40 8.582 INF [MODS]   Trying to load from folder: 'Azarath-svr'
2025-12-23T17:47:40 8.583 INF [MODS]     Loaded Mod: park_azaroth_svr (0.1.5.143)
2025-12-23T17:47:40 8.583 INF [MODS]   Trying to load from folder: 'compodensityfix'
2025-12-23T17:47:40 8.584 INF [MODS]     Loaded assembly compodensityfix (in D:\Asylum2.5\7 Days To Die\Mods\compodensityfix\compodensityfix.dll)
2025-12-23T17:47:40 8.584 INF [MODS]     Loaded Mod: compodensityfix (1.0.0)
2025-12-23T17:47:40 8.584 INF [MODS]   Trying to load from folder: 'CustomTerrainRWG'
2025-12-23T17:47:40 8.585 INF [MODS]     Loaded assembly CustomTerrainRWG (in D:\Asylum2.5\7 Days To Die\Mods\CustomTerrainRWG\CustomTerrainRWG.dll)
2025-12-23T17:47:40 8.585 INF [MODS]     Loaded Mod: CustomTerrainRWG (1.0.0)
2025-12-23T17:47:40 8.585 INF [MODS]   Trying to load from folder: 'detailed_houses_svr'
2025-12-23T17:47:40 8.586 INF [MODS]     Loaded Mod: detailed_houses_svr (0.1.5.143)
2025-12-23T17:47:40 8.586 INF [MODS]   Trying to load from folder: 'detailed_parks_svr'
2025-12-23T17:47:40 8.586 INF [MODS]     Loaded Mod: detailed_parks_svr (1.2)
2025-12-23T17:47:40 8.587 INF [MODS]   Trying to load from folder: 'Dwarven_Citadel_Descent_Mahem3000'
2025-12-23T17:47:40 8.587 INF [MODS]     Loaded Mod: Dwarven_Citadel_Descent_Mahem3000 (1.0)
2025-12-23T17:47:40 8.587 INF [MODS]   Trying to load from folder: 'DynamicTerragonCaves'
2025-12-23T17:47:40 8.588 INF [MODS]     Loaded Mod: DynamicTerragonCaves (1.0.0)
2025-12-23T17:47:40 8.588 INF [MODS]   Trying to load from folder: 'EfficientBaseRepair'
2025-12-23T17:47:40 8.589 INF [MODS]     Loaded assembly EfficientBaseRepair (in D:\Asylum2.5\7 Days To Die\Mods\EfficientBaseRepair\EfficientBaseRepair.dll)
2025-12-23T17:47:40 8.590 INF [MODS]     Loaded Mod: EfficientBaseRepair (2.0.2)
2025-12-23T17:47:40 8.590 INF [MODS]   Trying to load from folder: 'EnhancedZombiePathfinding'
2025-12-23T17:47:40 8.591 INF [MODS]     Loaded assembly EnhancedZombiePathfinding (in D:\Asylum2.5\7 Days To Die\Mods\EnhancedZombiePathfinding\EnhancedZombiePathfinding.dll)
2025-12-23T17:47:40 8.591 INF [MODS]     Loaded Mod: EnhancedZombiePathfinding (1.0.0)
2025-12-23T17:47:40 8.591 INF [MODS]   Trying to load from folder: 'InfernalEnhancement'
2025-12-23T17:47:40 8.592 INF [MODS]     Loaded assembly InfernalEnhancement (in D:\Asylum2.5\7 Days To Die\Mods\InfernalEnhancement\InfernalEnhancement.dll)
2025-12-23T17:47:40 8.593 INF [MODS]     Loaded Mod: InfernalEnhancement (1.0.0)
2025-12-23T17:47:40 8.593 INF [MODS]   Trying to load from folder: 'KevBal_MegaPack_I'
2025-12-23T17:47:40 8.593 INF [MODS]     Loaded Mod: KevBal_MegaPack_I (25.1)
2025-12-23T17:47:40 8.593 INF [MODS]   Trying to load from folder: 'LittleRedSonja_ZT_UBBI_V2'
2025-12-23T17:47:40 8.594 INF [MODS]     Loaded Mod: LittleRedSonja_UBBI_V2 (1.0.5)
2025-12-23T17:47:40 8.594 INF [MODS]   Trying to load from folder: 'LXS_WritableStorage'
2025-12-23T17:47:40 8.594 INF [MODS]     Loaded Mod: LxS_WritableStorage (2.0)
2025-12-23T17:47:40 8.594 INF [MODS]   Trying to load from folder: 'MicksSpecialZombiesV1'
2025-12-23T17:47:40 8.595 INF [MODS]     Loaded Mod: Special_Zombies (1.0)
2025-12-23T17:47:40 8.595 INF [MODS]   Trying to load from folder: 'MPLogue_UrbanDecay_7D2D_v2_0_1'
2025-12-23T17:47:40 8.595 INF [MODS]     Loaded Mod: MPLogue_UrbanDecay_7D2D_v1_0 (1.2.1)
2025-12-23T17:47:40 8.595 INF [MODS]   Trying to load from folder: 'Northern Forest Biome'
2025-12-23T17:47:40 8.595 INF [MODS]     Loaded Mod: NorthernForestBiome (3.0)
2025-12-23T17:47:40 8.596 INF [MODS]   Trying to load from folder: 'OcbCustomTextures'
2025-12-23T17:47:40 8.597 INF [MODS]     Loaded assembly CustomTextures (in D:\Asylum2.5\7 Days To Die\Mods\OcbCustomTextures\CustomTextures.dll)
2025-12-23T17:47:40 8.597 INF [MODS]     Loaded Mod: OcbCustomTextures (0.8.0)
2025-12-23T17:47:40 8.597 INF [MODS]   Trying to load from folder: 'OcbMicroSplat-master'
2025-12-23T17:47:40 8.598 INF [MODS]     Loaded assembly MicroSplat (in D:\Asylum2.5\7 Days To Die\Mods\OcbMicroSplat-master\MicroSplat.dll)
2025-12-23T17:47:40 8.598 INF [MODS]     Loaded Mod: OcbMicroSplat (1.0.0)
2025-12-23T17:47:40 8.598 INF [MODS]   Trying to load from folder: 'OcbStopFuelWaste'
2025-12-23T17:47:40 8.599 INF [MODS]     Loaded assembly StopFuelWaste (in D:\Asylum2.5\7 Days To Die\Mods\OcbStopFuelWaste\StopFuelWaste.dll)
2025-12-23T17:47:40 8.599 INF [MODS]     Loaded Mod: OcbStopFuelWaste (1.1.0)
2025-12-23T17:47:40 8.600 INF [MODS]   Trying to load from folder: 'ProceduralCaves-TerragonCompat'
2025-12-23T17:47:40 8.600 INF [MODS]     Loaded Mod: ProceduralCaves-TerragonCompat (1.0.0)
2025-12-23T17:47:40 8.600 INF [MODS]   Trying to load from folder: 'Rainstorm'
2025-12-23T17:47:40 8.601 INF [MODS]     Loaded assembly GearsAPI (in D:\Asylum2.5\7 Days To Die\Mods\00000-Gears\GearsAPI.dll)
2025-12-23T17:47:40 8.602 INF [MODS]     Loaded assembly Rainstorm (in D:\Asylum2.5\7 Days To Die\Mods\Rainstorm\Rainstorm.dll)
2025-12-23T17:47:40 8.602 INF [MODS]     Loaded assembly RainstormUnity (in D:\Asylum2.5\7 Days To Die\Mods\Rainstorm\RainstormUnity.dll)
2025-12-23T17:47:40 8.603 INF [MODS]     Loaded Mod: Rainstorm (1.0.2)
2025-12-23T17:47:40 8.603 INF [MODS]   Trying to load from folder: 'RoadShapeFix'
2025-12-23T17:47:40 8.604 INF [MODS]     Loaded assembly RoadShapeFix (in D:\Asylum2.5\7 Days To Die\Mods\RoadShapeFix\RoadShapeFix.dll)
2025-12-23T17:47:40 8.604 INF [MODS]     Loaded Mod: RoadShapeFix (1.0.0)
2025-12-23T17:47:40 8.605 INF [MODS]   Trying to load from folder: 'Serenity'
2025-12-23T17:47:40 8.605 INF [MODS]     Loaded Mod: Serenity (0.0.4)
2025-12-23T17:47:40 8.605 INF [MODS]   Trying to load from folder: 'ShockShaderPatch_Emu46'
2025-12-23T17:47:40 8.607 INF [MODS]     Loaded assembly ShockShaderPatch_Emu46 (in D:\Asylum2.5\7 Days To Die\Mods\ShockShaderPatch_Emu46\ShockShaderPatch_Emu46.dll)
2025-12-23T17:47:40 8.607 INF [MODS]     Loaded Mod: ShockShaderPatch_Emu46 (1.0.0)
2025-12-23T17:47:40 8.607 INF [MODS]   Trying to load from folder: 'Teragon'
2025-12-23T17:47:40 8.607 WRN [MODS]     Folder Teragon does not contain a ModInfo.xml, ignoring
2025-12-23T17:47:40 8.608 INF [MODS]   Trying to load from folder: 'TerragonCaveGenerator'
2025-12-23T17:47:40 8.608 WRN [MODS]     Folder TerragonCaveGenerator does not contain a ModInfo.xml, ignoring
2025-12-23T17:47:40 8.608 INF [MODS]   Trying to load from folder: 'TheDescent-cave-entities'
2025-12-23T17:47:40 8.608 WRN [MODS]     Folder TheDescent-cave-entities does not contain a ModInfo.xml, ignoring
2025-12-23T17:47:40 8.608 INF [MODS]   Trying to load from folder: 'TheDescent-cave-lights'
2025-12-23T17:47:40 8.608 WRN [MODS]     Folder TheDescent-cave-lights does not contain a ModInfo.xml, ignoring
2025-12-23T17:47:40 8.608 INF [MODS]   Trying to load from folder: 'TheDescent-cave-prefabs'
2025-12-23T17:47:40 8.609 WRN [MODS]     Folder TheDescent-cave-prefabs does not contain a ModInfo.xml, ignoring
2025-12-23T17:47:40 8.609 INF [MODS]   Trying to load from folder: 'TianYiSdtdLiveReloader'
2025-12-23T17:47:40 8.610 INF [MODS]     Loaded assembly SdtdLiveReloader (in D:\Asylum2.5\7 Days To Die\Mods\TianYiSdtdLiveReloader\SdtdLiveReloader.dll)
2025-12-23T17:47:40 8.610 INF [MODS]     Loaded Mod: SdtdLiveReloader (1.0)
2025-12-23T17:47:40 8.610 INF [MODS]   Trying to load from folder: 'Vanilla Block POIs by FNS'
2025-12-23T17:47:40 8.611 INF [MODS]     Loaded Mod: Vanilla_Block_POIs_by_FNS (1.0)
2025-12-23T17:47:40 8.611 INF [MODS]   Trying to load from folder: 'VehicleMadness_Beta4_v5_V2.0'
2025-12-23T17:47:40 8.611 INF [MODS]     Loaded Mod: VehicleMadnessModlet_v5_Beta_4 (2.0.5.41)
2025-12-23T17:47:40 8.611 INF [MODS]   Trying to load from folder: 'Z-AsylumDWpoipack'
2025-12-23T17:47:40 8.612 INF [MODS]     Loaded Mod: duhwolfPOIpack (2.2.1)
2025-12-23T17:47:40 8.612 INF [MODS]   Trying to load from folder: 'z-Asylumenhancedmodifiers'
2025-12-23T17:47:40 8.612 INF [MODS]     Loaded Mod: Vita_EnhancedModifiers (2.0)
2025-12-23T17:47:40 8.612 INF [MODS]   Trying to load from folder: 'z-AsylumExpandedModSlots'
2025-12-23T17:47:40 8.613 WRN [MODS]     z-AsylumExpandedModSlots/ModInfo.xml does not define a valid Version. Please consider updating it for future compatibility.
2025-12-23T17:47:40 8.613 INF [MODS]     Loaded Mod: ExpandedModSlots (2.4.1.0.1)
2025-12-23T17:47:40 8.613 INF [MODS]   Trying to load from folder: 'ZZ_AsylumInfernalAscension'
2025-12-23T17:47:40 8.613 INF [MODS]     Loaded Mod: AsylumAscension (2.0)
2025-12-23T17:47:40 8.614 INF [MODS]   Trying to load from folder: 'ZZZ_AsylumStackSizes'
2025-12-23T17:47:40 8.614 INF [MODS]     Loaded Mod: ZZZ_AsylumStackSizes (2.2)
2025-12-23T17:47:40 8.614 INF [MODS]   Trying to load from folder: 'ZZZ_CATUI'
2025-12-23T17:47:40 8.615 INF [MODS]     Loaded assembly CATUI (in D:\Asylum2.5\7 Days To Die\Mods\ZZZ_CATUI\CATUI.dll)
2025-12-23T17:47:40 8.616 INF [MODS]     Loaded Mod: CATUI (2.5.01)
2025-12-23T17:47:40 8.616 INF [MODS]   Trying to load from folder: 'ZZZ_CATUI_Asylum_Patch'
2025-12-23T17:47:40 8.617 INF [MODS]     Loaded assembly CATUIZombieINCPatch (in D:\Asylum2.5\7 Days To Die\Mods\ZZZ_CATUI_Asylum_Patch\CATUIZombieINCPatch.dll)
2025-12-23T17:47:40 8.617 INF [MODS]     Loaded Mod: CATUIZombieINCVehicleCompatibilityPatch (1.0.0)
2025-12-23T17:47:40 8.617 INF [MODS]   Trying to load from folder: 'ZZZ_CATUI_backpack_91slot'
2025-12-23T17:47:40 8.617 INF [MODS]     Loaded Mod: CATUI_backpack_91slot (1.0.8)
2025-12-23T17:47:40 8.618 INF [MODS]   Trying to load from folder: 'ZZZ_CATUI_local_load'
2025-12-23T17:47:40 8.619 INF [MODS]     Loaded assembly CATUI_local_load (in D:\Asylum2.5\7 Days To Die\Mods\ZZZ_CATUI_local_load\CATUI_local_load.dll)
2025-12-23T17:47:40 8.619 INF [MODS]     Loaded Mod: CATUI_local_load (1.0.0)
2025-12-23T17:47:40 8.619 INF [MODS]   Trying to load from folder: 'ZZZ_CATUI_toolbelt_more_slot'
2025-12-23T17:47:40 8.620 INF [MODS]     Loaded assembly CATUI_toolbelt_more_slot (in D:\Asylum2.5\7 Days To Die\Mods\ZZZ_CATUI_toolbelt_more_slot\CATUI_toolbelt_more_slot.dll)
2025-12-23T17:47:40 8.621 INF [MODS]     Loaded Mod: CATUI_toolbelt_more_slot (1.0.4)
2025-12-23T17:47:40 8.621 INF [MODS]   Trying to load from folder: 'zzzNoFog'
2025-12-23T17:47:40 8.621 INF [MODS]     Loaded Mod: NoFog (1.0.0)
2025-12-23T17:47:40 8.621 INF [MODS]   Trying to load from folder: 'zzzTheDescent-cave-assets'
2025-12-23T17:47:40 8.622 INF [MODS]     Loaded assembly cave-assets (in D:\Asylum2.5\7 Days To Die\Mods\zzzTheDescent-cave-assets\cave-assets.dll)
2025-12-23T17:47:40 8.622 INF [MODS]     Loaded Mod: 7D2D-cave-assets (0.0.0)
2025-12-23T17:47:40 8.623 INF [MODS]   Trying to load from folder: 'zzzzAsylumLootRebalance'
2025-12-23T17:47:40 8.623 INF [MODS]     Loaded Mod: AsylumLootRebalance (1.0.0)
2025-12-23T17:47:40 8.623 INF [MODS]   Trying to load from folder: 'zzzzTristramChurch_AsylumStarter'
2025-12-23T17:47:40 8.624 INF [MODS]     Loaded Mod: Tristramchurchasylumstarter (2.2.1)
2025-12-23T17:47:40 8.624 INF [MODS]   Trying to load from folder: 'ZZZZVita_Action_Mastery'
2025-12-23T17:47:40 8.624 INF [MODS]     Loaded Mod: Vita_Action_Mastery (2.21)
2025-12-23T17:47:40 8.624 INF [MODS]   Trying to load from folder: 'Zzzzxcpv_Classic_All_In_One'
2025-12-23T17:47:40 8.625 INF [MODS]     Loaded Mod: Zzzzxcp_CP_Classic_All_In_One (2.0.51.2)
2025-12-23T17:47:40 8.625 INF [MODS]   Trying to load from folder: 'ZZZZZ_CATUIContainerFix'
2025-12-23T17:47:40 8.625 INF [MODS]     Loaded Mod: ZZZZZCATUIContainerFix (1.0.0)
2025-12-23T17:47:40 8.626 INF [MODS] Initializing mod code
2025-12-23T17:47:40 8.626 INF [MODS]   Initializing mod TFP_Harmony
2025-12-23T17:47:40 8.636 INF [MODS]     Found ModAPI in assembly TfpHarmony (in C:\Users\polil\AppData\Roaming\7DaysToDie\Mods\0_TFP_Harmony\TfpHarmony.dll), creating instance
2025-12-23T17:47:40 8.637 INF [MODS]       [Harmony] Init done
Fallback handler could not load library D:/Asylum2.5/7 Days To Die/7DaysToDie_Data/MonoBleedingEdge/data-000002B92E10E0A0.dll
2025-12-23T17:47:40 8.831 INF [MODS]     Initialized code in mod 'TFP_Harmony' in assembly TfpHarmony (in C:\Users\polil\AppData\Roaming\7DaysToDie\Mods\0_TFP_Harmony\TfpHarmony.dll)
2025-12-23T17:47:40 8.832 INF [MODS]   Initializing mod Gears
2025-12-23T17:47:40 8.832 INF [MODS]     Found ModAPI in assembly Gears (in D:\Asylum2.5\7 Days To Die\Mods\00000-Gears\Gears.dll), creating instance
2025-12-23T17:47:40 8.833 INF [Gears] Loading Patch
2025-12-23T17:47:40 8.879 INF [Gears] Loaded Patch
2025-12-23T17:47:40 8.880 INF [MODS]     Initialized code in mod 'Gears' in assembly Gears (in D:\Asylum2.5\7 Days To Die\Mods\00000-Gears\Gears.dll)
2025-12-23T17:47:40 8.880 INF [MODS]     Found ModAPI in assembly GearsAPI (in D:\Asylum2.5\7 Days To Die\Mods\00000-Gears\GearsAPI.dll), creating instance
2025-12-23T17:47:40 8.880 INF [Gears API] Gears API version 2.0.1.0 loaded
2025-12-23T17:47:40 8.881 INF [MODS]     Initialized code in mod 'Gears' in assembly GearsAPI (in D:\Asylum2.5\7 Days To Die\Mods\00000-Gears\GearsAPI.dll)
2025-12-23T17:47:40 8.881 INF [MODS]   Initializing mod Quartz
2025-12-23T17:47:40 8.881 INF [MODS]     Found ModAPI in assembly GearsAPI (in D:\Asylum2.5\7 Days To Die\Mods\00000-Gears\GearsAPI.dll), creating instance
2025-12-23T17:47:40 8.881 INF [Gears API] Gears API version 2.0.1.0 loaded
2025-12-23T17:47:40 8.881 INF [MODS]     Initialized code in mod 'Quartz' in assembly GearsAPI (in D:\Asylum2.5\7 Days To Die\Mods\00000-Gears\GearsAPI.dll)
2025-12-23T17:47:40 8.882 INF [MODS]     Found ModAPI in assembly Quartz (in D:\Asylum2.5\7 Days To Die\Mods\0-Quartz\Quartz.dll), creating instance
2025-12-23T17:47:40 8.883 INF [Quartz] Loading Patch
2025-12-23T17:47:40 9.050 INF Updated culture for display texts
2025-12-23T17:47:40 9.081 INF [Quartz] Loaded Patch
2025-12-23T17:47:40 9.082 INF [Quartz] Loading ActionSets
2025-12-23T17:47:40 9.083 INF [Quartz] ActionSets file version: 2
2025-12-23T17:47:40 9.085 INF [MODS]     Initialized code in mod 'Quartz' in assembly Quartz (in D:\Asylum2.5\7 Days To Die\Mods\0-Quartz\Quartz.dll)
2025-12-23T17:47:40 9.085 INF [MODS]   Initializing mod 0-SCore_sphereii
2025-12-23T17:47:40 9.086 INF [MODS]     Found ModAPI in assembly SCore (in D:\Asylum2.5\7 Days To Die\Mods\0-SCore-2.5.2.1743\SCore.dll), creating instance
2025-12-23T17:47:40 9.087 INF  Loading Patch: Harmony.SphereIICoreInit
2025-12-23T17:47:42 10.449 INF SCore:: Checking Installed Modlets...
2025-12-23T17:47:42 10.449 INF Loaded Mods From C:\Users\polil\AppData\Roaming/7DaysToDie/Mods
2025-12-23T17:47:42 10.450 INF Loaded Mods From D:/Asylum2.5/7 Days To Die/7DaysToDie_Data/../Mods
2025-12-23T17:47:42 10.452 INF Modlet List Hash: A8E9D
2025-12-23T17:47:42 10.452 INF SCore:: Done Checking Installed Modlets
2025-12-23T17:47:42 10.453 INF [MODS]     Initialized code in mod '0-SCore_sphereii' in assembly SCore (in D:\Asylum2.5\7 Days To Die\Mods\0-SCore-2.5.2.1743\SCore.dll)
2025-12-23T17:47:42 10.454 INF [MODS]   Initializing mod TheAsylumCore
2025-12-23T17:47:42 10.454 INF [MODS]     Found ModAPI in assembly AsylumNightBrightness (in D:\Asylum2.5\7 Days To Die\Mods\0-TheAsylumCore\AsylumNightBrightness.dll), creating instance
2025-12-23T17:47:42 10.454 INF [AsylumNightBrightness] Loading Asylum Night Brightness Controller mod...
2025-12-23T17:47:42 10.455 INF [AsylumNightBrightness] Harmony patches applied successfully!
2025-12-23T17:47:42 10.455 INF [AsylumNightBrightness] Asylum Night Brightness Controller loaded successfully!
2025-12-23T17:47:42 10.456 INF [MODS]     Initialized code in mod 'TheAsylumCore' in assembly AsylumNightBrightness (in D:\Asylum2.5\7 Days To Die\Mods\0-TheAsylumCore\AsylumNightBrightness.dll)
2025-12-23T17:47:42 10.456 INF [MODS]     Found ModAPI in assembly AsylumOverhaul_OreSpawning (in D:\Asylum2.5\7 Days To Die\Mods\0-TheAsylumCore\AsylumOverhaul_OreSpawning.dll), creating instance
2025-12-23T17:47:42 10.456 INF ========================================
2025-12-23T17:47:42 10.456 INF [ASYLUM OVERHAUL] Ore Spawning System Starting...
2025-12-23T17:47:42 10.457 INF ========================================
2025-12-23T17:47:42 10.457 INF [ASYLUM OVERHAUL] Ore spawning system initialized successfully!
2025-12-23T17:47:42 10.457 INF Available commands:
2025-12-23T17:47:42 10.457 INF   - spawnore <type> [amount] [radius] - Spawn custom ores
2025-12-23T17:47:42 10.457 INF   - spawnore test - Test spawn all ore types
2025-12-23T17:47:42 10.457 INF   - spawnore list - List available ore types
2025-12-23T17:47:42 10.457 INF ========================================
2025-12-23T17:47:42 10.458 INF [MODS]     Initialized code in mod 'TheAsylumCore' in assembly AsylumOverhaul_OreSpawning (in D:\Asylum2.5\7 Days To Die\Mods\0-TheAsylumCore\AsylumOverhaul_OreSpawning.dll)
2025-12-23T17:47:42 10.458 INF [MODS]     Found ModAPI in assembly AsylumOverhaul_OreSpawning (in D:\Asylum2.5\7 Days To Die\Mods\0-TheAsylumCore\AsylumOverhaul_OreSpawning.dll), creating instance
2025-12-23T17:47:42 10.458 INF [AsylumOverhaul] Ore Spawning Validator initialized
2025-12-23T17:47:42 10.458 INF [MODS]     Initialized code in mod 'TheAsylumCore' in assembly AsylumOverhaul_OreSpawning (in D:\Asylum2.5\7 Days To Die\Mods\0-TheAsylumCore\AsylumOverhaul_OreSpawning.dll)
2025-12-23T17:47:42 10.459 INF [MODS]     Found ModAPI in assembly AsylumVehicleShutdown (in D:\Asylum2.5\7 Days To Die\Mods\0-TheAsylumCore\AsylumVehicleShutdown.dll), creating instance
2025-12-23T17:47:42 10.459 INF AsylumVehicleShutdown: Initializing mod...
2025-12-23T17:47:42 10.464 INF AsylumVehicleShutdown: Mod initialized successfully!
2025-12-23T17:47:42 10.464 INF [MODS]     Initialized code in mod 'TheAsylumCore' in assembly AsylumVehicleShutdown (in D:\Asylum2.5\7 Days To Die\Mods\0-TheAsylumCore\AsylumVehicleShutdown.dll)
2025-12-23T17:47:42 10.465 INF [MODS]     Found ModAPI in assembly DeathAnnouncerMod (in D:\Asylum2.5\7 Days To Die\Mods\0-TheAsylumCore\DeathAnnouncerMod.dll), creating instance
2025-12-23T17:47:42 10.465 INF Loading Death Announcer Mod
2025-12-23T17:47:42 10.486 INF [MODS]     Initialized code in mod 'TheAsylumCore' in assembly DeathAnnouncerMod (in D:\Asylum2.5\7 Days To Die\Mods\0-TheAsylumCore\DeathAnnouncerMod.dll)
2025-12-23T17:47:42 10.486 INF [MODS]     Found ModAPI in assembly WhoDoneItMod (in D:\Asylum2.5\7 Days To Die\Mods\0-TheAsylumCore\WhoDoneItMod.dll), creating instance
2025-12-23T17:47:42 10.487 INF Loading WhoDoneIt Mod
2025-12-23T17:47:42 10.489 INF [MODS]     Initialized code in mod 'TheAsylumCore' in assembly WhoDoneItMod (in D:\Asylum2.5\7 Days To Die\Mods\0-TheAsylumCore\WhoDoneItMod.dll)
2025-12-23T17:47:42 10.489 INF [MODS]   Initializing mod HigherTerrain
2025-12-23T17:47:42 10.489 INF [MODS]     Found ModAPI in assembly higher-terrain (in D:\Asylum2.5\7 Days To Die\Mods\7D2D-higher-terrain-master\higher-terrain.dll), creating instance
2025-12-23T17:47:42 10.504 INF [MODS]     Initialized code in mod 'HigherTerrain' in assembly higher-terrain (in D:\Asylum2.5\7 Days To Die\Mods\7D2D-higher-terrain-master\higher-terrain.dll)
2025-12-23T17:47:42 10.504 INF [MODS]   Initializing mod ModUtils
2025-12-23T17:47:42 10.504 INF [MODS]     No ModAPI found in mod DLLs
2025-12-23T17:47:42 10.504 INF [MODS]   Initializing mod AsylumRoboticInbox
2025-12-23T17:47:42 10.505 INF [MODS]     Found ModAPI in assembly RoboticInbox (in D:\Asylum2.5\7 Days To Die\Mods\AGFRoboticInbox\RoboticInbox.dll), creating instance
2025-12-23T17:47:42 10.505 INF [RoboticInbox.ModApi] Robotic Inbox DLL Version dev-dll-version build for 7DTD dev-build-target
2025-12-23T17:47:42 10.561 INF [RoboticInbox.Utilities.SettingsManager] Successfully loaded settings for Robotic Inbox mod; filename: D:/Asylum2.5/7 Days To Die/7DaysToDie_Data/../Mods\AGFRoboticInbox\robotic-inbox.json.
2025-12-23T17:47:42 10.562 INF [RoboticInbox.Utilities.SettingsManager] 
=== Current Settings for Robotic Inbox
- horizontal-range: 20
  - [recommended: 20 | must be: >= 0 & <= 128 | impact: very high]
- vertical-range: 20
  - [recommended: 20 | must be: >= -1 & <= 253 | -1 = bedrock-to-sky | impact: high]
- success-notice-time: 2.0
  - [recommended: 2.0 | must be >= 0 & <= 10 | disable with 0.0]
- blocked-notice-time: 3.0
  - [recommended: 3.0 | must be >= 0 & <= 10 | disable with 0.0]
- base-siphoning-protection: True
  - [recommended: True]
  - if placed within an LCB, the inbox will not distribute to containers outside of that same LCB
  - this option helps to protect players from unintentionally dumping items in nearby raider chests placed just outside of their bases
- debug mode: False
  - [recommended: False]
  - enabling this adds a lot of overhead and should only be running for debugging purposes
  - server starts with this in the False state
=== Settings Stored In: D:/Asylum2.5/7 Days To Die/7DaysToDie_Data/../Mods\AGFRoboticInbox\robotic-inbox.json
2025-12-23T17:47:42 10.562 INF [MODS]     Initialized code in mod 'AsylumRoboticInbox' in assembly RoboticInbox (in D:\Asylum2.5\7 Days To Die\Mods\AGFRoboticInbox\RoboticInbox.dll)
2025-12-23T17:47:42 10.563 INF [MODS]   Initializing mod AsylumCrusher
2025-12-23T17:47:42 10.563 INF [MODS]     Found ModAPI in assembly AsylumCrusher (in D:\Asylum2.5\7 Days To Die\Mods\AsylumCrusher\AsylumCrusher.dll), creating instance
2025-12-23T17:47:42 10.563 INF [AsylumCrusher] Loading Asylum Crusher mod...
2025-12-23T17:47:42 10.565 INF [AsylumCrusher] Harmony patches applied successfully!
2025-12-23T17:47:42 10.565 INF [AsylumCrusher] Crusher controller loaded!
2025-12-23T17:47:42 10.566 INF [MODS]     Initialized code in mod 'AsylumCrusher' in assembly AsylumCrusher (in D:\Asylum2.5\7 Days To Die\Mods\AsylumCrusher\AsylumCrusher.dll)
2025-12-23T17:47:42 10.566 INF [MODS]   Initializing mod AsylumCustomMenu
2025-12-23T17:47:42 10.566 INF [MODS]     Found ModAPI in assembly ImmersiveLoadingScreens (in D:\Asylum2.5\7 Days To Die\Mods\AsylumCustomMenu\ImmersiveLoadingScreens.dll), creating instance
[ImmersiveLoadingScreens] Initializing enhanced loading screens...
[ImmersiveLoadingScreens] Successfully applied Harmony patches
2025-12-23T17:47:42 10.574 INF [MODS]     Initialized code in mod 'AsylumCustomMenu' in assembly ImmersiveLoadingScreens (in D:\Asylum2.5\7 Days To Die\Mods\AsylumCustomMenu\ImmersiveLoadingScreens.dll)
2025-12-23T17:47:42 10.574 INF [MODS]   Initializing mod AsylumCustomMenuMusic
2025-12-23T17:47:42 10.574 INF [MODS]     Found ModAPI in assembly AsylumCustomMenuMusic (in D:\Asylum2.5\7 Days To Die\Mods\AsylumCustomMenuMusic\AsylumCustomMenuMusic.dll), creating instance
2025-12-23T17:47:42 10.575 INF [FF8C00][ASYLUM CUSTOM MENU MUSIC] Initializing Custom Menu Music mod...
2025-12-23T17:47:42 10.582 INF [FF8C00][AsylumMenuMusic] Asylum Custom Menu Music Manager initialized
2025-12-23T17:47:42 10.592 INF [FF8C00][ASYLUM CUSTOM MENU MUSIC] Mod initialization complete!
2025-12-23T17:47:42 10.593 INF [FF8C00][ASYLUM CUSTOM MENU MUSIC] Use 'asylummusic test' to test music loading
2025-12-23T17:47:42 10.593 INF [FF8C00][ASYLUM CUSTOM MENU MUSIC] Use 'asylummusic_apply' to apply music immediately
2025-12-23T17:47:42 10.593 INF [MODS]     Initialized code in mod 'AsylumCustomMenuMusic' in assembly AsylumCustomMenuMusic (in D:\Asylum2.5\7 Days To Die\Mods\AsylumCustomMenuMusic\AsylumCustomMenuMusic.dll)
2025-12-23T17:47:42 10.593 INF [MODS]   Initializing mod AsylumDemonsEndgame
2025-12-23T17:47:42 10.594 INF [MODS]     Found ModAPI in assembly AsylumDemonsEndgame (in D:\Asylum2.5\7 Days To Die\Mods\AsylumDemonsEndgame\AsylumDemonsEndgame.dll), creating instance
2025-12-23T17:47:42 10.627 INF [MODS]     Initialized code in mod 'AsylumDemonsEndgame' in assembly AsylumDemonsEndgame (in D:\Asylum2.5\7 Days To Die\Mods\AsylumDemonsEndgame\AsylumDemonsEndgame.dll)
2025-12-23T17:47:42 10.627 INF [MODS]   Initializing mod AsylumEntities-revised
2025-12-23T17:47:42 10.628 INF [MODS]     Found ModAPI in assembly AsylumEntities (in D:\Asylum2.5\7 Days To Die\Mods\AsylumEntities-revised\AsylumEntities.dll), creating instance
2025-12-23T17:47:42 10.628 INF [AsylumEntities] Initializing Asylum Entities mod...
2025-12-23T17:47:42 10.634 INF [AsylumEntities] Successfully applied 2 Harmony patches
2025-12-23T17:47:42 10.634 INF [AsylumEntities] Asylum entities will now spawn standing up in POIs
2025-12-23T17:47:42 10.635 INF [MODS]     Initialized code in mod 'AsylumEntities-revised' in assembly AsylumEntities (in D:\Asylum2.5\7 Days To Die\Mods\AsylumEntities-revised\AsylumEntities.dll)
2025-12-23T17:47:42 10.635 INF [MODS]     Found ModAPI in assembly KHZShaderTest (in D:\Asylum2.5\7 Days To Die\Mods\AsylumEntities-revised\KHZShaderTest.dll), creating instance
2025-12-23T17:47:42 10.649 INF [MODS]     Initialized code in mod 'AsylumEntities-revised' in assembly KHZShaderTest (in D:\Asylum2.5\7 Days To Die\Mods\AsylumEntities-revised\KHZShaderTest.dll)
2025-12-23T17:47:42 10.649 INF [MODS]   Initializing mod AsylumNightVisionGreen
2025-12-23T17:47:42 10.649 INF [MODS]     Found ModAPI in assembly AsylumNightVisionGreen (in D:\Asylum2.5\7 Days To Die\Mods\AsylumNightVisionGreen\AsylumNightVisionGreen.dll), creating instance
2025-12-23T17:47:42 10.650 INF  
2025-12-23T17:47:42 10.650 INF ========================================
2025-12-23T17:47:42 10.650 INF [AsylumNightVisionGreen] Loading Night Vision Green mod...
2025-12-23T17:47:42 10.650 INF [AsylumNightVisionGreen] Version: 1.0.0
2025-12-23T17:47:42 10.651 INF ========================================
2025-12-23T17:47:42 10.651 INF [AsylumNightVisionGreen] Target class found: DeferredNightVisionEffect
2025-12-23T17:47:42 10.651 INF [AsylumNightVisionGreen] Target class assembly: Assembly-CSharp, Version=0.0.0.0, Culture=neutral, PublicKeyToken=null
2025-12-23T17:47:42 10.651 INF [AsylumNightVisionGreen] Found 89 methods in DeferredNightVisionEffect:
2025-12-23T17:47:42 10.651 INF [AsylumNightVisionGreen]   - get_NightVisionShader (IsPublic: True, IsPrivate: False)
2025-12-23T17:47:42 10.651 INF [AsylumNightVisionGreen]   - DestroyMaterial (IsPublic: True, IsPrivate: False)
2025-12-23T17:47:42 10.652 INF [AsylumNightVisionGreen]   - CreateMaterials (IsPublic: True, IsPrivate: False)
2025-12-23T17:47:42 10.652 INF [AsylumNightVisionGreen]   - CreateMaterial (IsPublic: True, IsPrivate: False)
2025-12-23T17:47:42 10.652 INF [AsylumNightVisionGreen]   - OnDisable (IsPublic: True, IsPrivate: False)
2025-12-23T17:47:42 10.652 INF [AsylumNightVisionGreen]   - UpdateShaderValues (IsPublic: True, IsPrivate: False)
2025-12-23T17:47:42 10.652 INF [AsylumNightVisionGreen]   - OnEnable (IsPublic: True, IsPrivate: False)
2025-12-23T17:47:42 10.652 INF [AsylumNightVisionGreen]   - ReloadShaders (IsPublic: True, IsPrivate: False)
2025-12-23T17:47:42 10.653 INF [AsylumNightVisionGreen]   - OnRenderImage (IsPublic: True, IsPrivate: False)
2025-12-23T17:47:42 10.653 INF [AsylumNightVisionGreen]   - get_destroyCancellationToken (IsPublic: True, IsPrivate: False)
2025-12-23T17:47:42 10.653 INF [AsylumNightVisionGreen]   - IsInvoking (IsPublic: True, IsPrivate: False)
2025-12-23T17:47:42 10.653 INF [AsylumNightVisionGreen]   - CancelInvoke (IsPublic: True, IsPrivate: False)
2025-12-23T17:47:42 10.653 INF [AsylumNightVisionGreen]   - Invoke (IsPublic: True, IsPrivate: False)
2025-12-23T17:47:42 10.653 INF [AsylumNightVisionGreen]   - InvokeRepeating (IsPublic: True, IsPrivate: False)
2025-12-23T17:47:42 10.654 INF [AsylumNightVisionGreen]   - CancelInvoke (IsPublic: True, IsPrivate: False)
2025-12-23T17:47:42 10.654 INF [AsylumNightVisionGreen]   - IsInvoking (IsPublic: True, IsPrivate: False)
2025-12-23T17:47:42 10.654 INF [AsylumNightVisionGreen]   - StartCoroutine (IsPublic: True, IsPrivate: False)
2025-12-23T17:47:42 10.654 INF [AsylumNightVisionGreen]   - StartCoroutine (IsPublic: True, IsPrivate: False)
2025-12-23T17:47:42 10.654 INF [AsylumNightVisionGreen]   - StartCoroutine (IsPublic: True, IsPrivate: False)
2025-12-23T17:47:42 10.654 INF [AsylumNightVisionGreen]   - StartCoroutine_Auto (IsPublic: True, IsPrivate: False)
2025-12-23T17:47:42 10.654 INF [AsylumNightVisionGreen]   - StopCoroutine (IsPublic: True, IsPrivate: False)
2025-12-23T17:47:42 10.654 INF [AsylumNightVisionGreen]   - StopCoroutine (IsPublic: True, IsPrivate: False)
2025-12-23T17:47:42 10.655 INF [AsylumNightVisionGreen]   - StopCoroutine (IsPublic: True, IsPrivate: False)
2025-12-23T17:47:42 10.655 INF [AsylumNightVisionGreen]   - StopAllCoroutines (IsPublic: True, IsPrivate: False)
2025-12-23T17:47:42 10.655 INF [AsylumNightVisionGreen]   - get_useGUILayout (IsPublic: True, IsPrivate: False)
2025-12-23T17:47:42 10.655 INF [AsylumNightVisionGreen]   - set_useGUILayout (IsPublic: True, IsPrivate: False)
2025-12-23T17:47:42 10.655 INF [AsylumNightVisionGreen]   - GetScriptClassName (IsPublic: False, IsPrivate: False)
2025-12-23T17:47:42 10.655 INF [AsylumNightVisionGreen]   - get_enabled (IsPublic: True, IsPrivate: False)
2025-12-23T17:47:42 10.656 INF [AsylumNightVisionGreen]   - set_enabled (IsPublic: True, IsPrivate: False)
2025-12-23T17:47:42 10.656 INF [AsylumNightVisionGreen]   - get_isActiveAndEnabled (IsPublic: True, IsPrivate: False)
2025-12-23T17:47:42 10.656 INF [AsylumNightVisionGreen]   - get_transform (IsPublic: True, IsPrivate: False)
2025-12-23T17:47:42 10.656 INF [AsylumNightVisionGreen]   - get_gameObject (IsPublic: True, IsPrivate: False)
2025-12-23T17:47:42 10.656 INF [AsylumNightVisionGreen]   - GetComponent (IsPublic: True, IsPrivate: False)
2025-12-23T17:47:42 10.656 INF [AsylumNightVisionGreen]   - GetComponentFastPath (IsPublic: False, IsPrivate: False)
2025-12-23T17:47:42 10.657 INF [AsylumNightVisionGreen]   - GetComponent (IsPublic: True, IsPrivate: False)
2025-12-23T17:47:42 10.657 INF [AsylumNightVisionGreen]   - TryGetComponent (IsPublic: True, IsPrivate: False)
2025-12-23T17:47:42 10.657 INF [AsylumNightVisionGreen]   - TryGetComponent (IsPublic: True, IsPrivate: False)
2025-12-23T17:47:42 10.657 INF [AsylumNightVisionGreen]   - GetComponent (IsPublic: True, IsPrivate: False)
2025-12-23T17:47:42 10.657 INF [AsylumNightVisionGreen]   - GetComponentInChildren (IsPublic: True, IsPrivate: False)
2025-12-23T17:47:42 10.657 INF [AsylumNightVisionGreen]   - GetComponentInChildren (IsPublic: True, IsPrivate: False)
2025-12-23T17:47:42 10.657 INF [AsylumNightVisionGreen]   - GetComponentInChildren (IsPublic: True, IsPrivate: False)
2025-12-23T17:47:42 10.658 INF [AsylumNightVisionGreen]   - GetComponentInChildren (IsPublic: True, IsPrivate: False)
2025-12-23T17:47:42 10.658 INF [AsylumNightVisionGreen]   - GetComponentsInChildren (IsPublic: True, IsPrivate: False)
2025-12-23T17:47:42 10.658 INF [AsylumNightVisionGreen]   - GetComponentsInChildren (IsPublic: True, IsPrivate: False)
2025-12-23T17:47:42 10.658 INF [AsylumNightVisionGreen]   - GetComponentsInChildren (IsPublic: True, IsPrivate: False)
2025-12-23T17:47:42 10.658 INF [AsylumNightVisionGreen]   - GetComponentsInChildren (IsPublic: True, IsPrivate: False)
2025-12-23T17:47:42 10.658 INF [AsylumNightVisionGreen]   - GetComponentsInChildren (IsPublic: True, IsPrivate: False)
2025-12-23T17:47:42 10.658 INF [AsylumNightVisionGreen]   - GetComponentsInChildren (IsPublic: True, IsPrivate: False)
2025-12-23T17:47:42 10.659 INF [AsylumNightVisionGreen]   - GetComponentInParent (IsPublic: True, IsPrivate: False)
2025-12-23T17:47:42 10.659 INF [AsylumNightVisionGreen]   - GetComponentInParent (IsPublic: True, IsPrivate: False)
2025-12-23T17:47:42 10.659 INF [AsylumNightVisionGreen]   - GetComponentInParent (IsPublic: True, IsPrivate: False)
2025-12-23T17:47:42 10.659 INF [AsylumNightVisionGreen]   - GetComponentInParent (IsPublic: True, IsPrivate: False)
2025-12-23T17:47:42 10.659 INF [AsylumNightVisionGreen]   - GetComponentsInParent (IsPublic: True, IsPrivate: False)
2025-12-23T17:47:42 10.659 INF [AsylumNightVisionGreen]   - GetComponentsInParent (IsPublic: True, IsPrivate: False)
2025-12-23T17:47:42 10.659 INF [AsylumNightVisionGreen]   - GetComponentsInParent (IsPublic: True, IsPrivate: False)
2025-12-23T17:47:42 10.660 INF [AsylumNightVisionGreen]   - GetComponentsInParent (IsPublic: True, IsPrivate: False)
2025-12-23T17:47:42 10.660 INF [AsylumNightVisionGreen]   - GetComponentsInParent (IsPublic: True, IsPrivate: False)
2025-12-23T17:47:42 10.660 INF [AsylumNightVisionGreen]   - GetComponents (IsPublic: True, IsPrivate: False)
2025-12-23T17:47:42 10.660 INF [AsylumNightVisionGreen]   - GetComponents (IsPublic: True, IsPrivate: False)
2025-12-23T17:47:42 10.660 INF [AsylumNightVisionGreen]   - GetComponents (IsPublic: True, IsPrivate: False)
2025-12-23T17:47:42 10.660 INF [AsylumNightVisionGreen]   - get_tag (IsPublic: True, IsPrivate: False)
2025-12-23T17:47:42 10.660 INF [AsylumNightVisionGreen]   - set_tag (IsPublic: True, IsPrivate: False)
2025-12-23T17:47:42 10.661 INF [AsylumNightVisionGreen]   - GetComponents (IsPublic: True, IsPrivate: False)
2025-12-23T17:47:42 10.661 INF [AsylumNightVisionGreen]   - GetComponentIndex (IsPublic: True, IsPrivate: False)
2025-12-23T17:47:42 10.661 INF [AsylumNightVisionGreen]   - CompareTag (IsPublic: True, IsPrivate: False)
2025-12-23T17:47:42 10.661 INF [AsylumNightVisionGreen]   - SendMessageUpwards (IsPublic: True, IsPrivate: False)
2025-12-23T17:47:42 10.661 INF [AsylumNightVisionGreen]   - SendMessageUpwards (IsPublic: True, IsPrivate: False)
2025-12-23T17:47:42 10.661 INF [AsylumNightVisionGreen]   - SendMessageUpwards (IsPublic: True, IsPrivate: False)
2025-12-23T17:47:42 10.662 INF [AsylumNightVisionGreen]   - SendMessageUpwards (IsPublic: True, IsPrivate: False)
2025-12-23T17:47:42 10.662 INF [AsylumNightVisionGreen]   - SendMessage (IsPublic: True, IsPrivate: False)
2025-12-23T17:47:42 10.662 INF [AsylumNightVisionGreen]   - SendMessage (IsPublic: True, IsPrivate: False)
2025-12-23T17:47:42 10.662 INF [AsylumNightVisionGreen]   - SendMessage (IsPublic: True, IsPrivate: False)
2025-12-23T17:47:42 10.662 INF [AsylumNightVisionGreen]   - SendMessage (IsPublic: True, IsPrivate: False)
2025-12-23T17:47:42 10.663 INF [AsylumNightVisionGreen]   - BroadcastMessage (IsPublic: True, IsPrivate: False)
2025-12-23T17:47:42 10.663 INF [AsylumNightVisionGreen]   - BroadcastMessage (IsPublic: True, IsPrivate: False)
2025-12-23T17:47:42 10.663 INF [AsylumNightVisionGreen]   - BroadcastMessage (IsPublic: True, IsPrivate: False)
2025-12-23T17:47:42 10.663 INF [AsylumNightVisionGreen]   - BroadcastMessage (IsPublic: True, IsPrivate: False)
2025-12-23T17:47:42 10.664 INF [AsylumNightVisionGreen]   - GetInstanceID (IsPublic: True, IsPrivate: False)
2025-12-23T17:47:42 10.664 INF [AsylumNightVisionGreen]   - GetHashCode (IsPublic: True, IsPrivate: False)
2025-12-23T17:47:42 10.664 INF [AsylumNightVisionGreen]   - Equals (IsPublic: True, IsPrivate: False)
2025-12-23T17:47:42 10.664 INF [AsylumNightVisionGreen]   - get_name (IsPublic: True, IsPrivate: False)
2025-12-23T17:47:42 10.664 INF [AsylumNightVisionGreen]   - set_name (IsPublic: True, IsPrivate: False)
2025-12-23T17:47:42 10.664 INF [AsylumNightVisionGreen]   - get_hideFlags (IsPublic: True, IsPrivate: False)
2025-12-23T17:47:42 10.665 INF [AsylumNightVisionGreen]   - set_hideFlags (IsPublic: True, IsPrivate: False)
2025-12-23T17:47:42 10.665 INF [AsylumNightVisionGreen]   - ToString (IsPublic: True, IsPrivate: False)
2025-12-23T17:47:42 10.665 INF [AsylumNightVisionGreen]   - MarkDirty (IsPublic: False, IsPrivate: False)
2025-12-23T17:47:42 10.665 INF [AsylumNightVisionGreen]   - Finalize (IsPublic: False, IsPrivate: False)
2025-12-23T17:47:42 10.665 INF [AsylumNightVisionGreen]   - GetType (IsPublic: True, IsPrivate: False)
2025-12-23T17:47:42 10.665 INF [AsylumNightVisionGreen]   - MemberwiseClone (IsPublic: False, IsPrivate: False)
2025-12-23T17:47:42 10.667 INF [AsylumNightVisionGreen] Harmony PatchAll completed!
2025-12-23T17:47:42 10.668 INF [AsylumNightVisionGreen] Patched: WorldEnvironment.SetNightVision
2025-12-23T17:47:42 10.669 INF [AsylumNightVisionGreen] Total methods patched: 1
2025-12-23T17:47:42 10.669 INF [AsylumNightVisionGreen] Night vision will now use classic military green color
2025-12-23T17:47:42 10.669 INF ========================================
2025-12-23T17:47:42 10.669 INF  
2025-12-23T17:47:42 10.669 INF [MODS]     Initialized code in mod 'AsylumNightVisionGreen' in assembly AsylumNightVisionGreen (in D:\Asylum2.5\7 Days To Die\Mods\AsylumNightVisionGreen\AsylumNightVisionGreen.dll)
2025-12-23T17:47:42 10.670 INF [MODS]   Initializing mod kanaverum-quantum-elevators
2025-12-23T17:47:42 10.670 INF [MODS]     Found ModAPI in assembly QuantumElevators (in D:\Asylum2.5\7 Days To Die\Mods\Asylumquantum-elevators-main\QuantumElevators.dll), creating instance
2025-12-23T17:47:42 10.674 INF [QuantumElevators.ModApi] loaded
2025-12-23T17:47:42 10.674 INF [MODS]     Initialized code in mod 'kanaverum-quantum-elevators' in assembly QuantumElevators (in D:\Asylum2.5\7 Days To Die\Mods\Asylumquantum-elevators-main\QuantumElevators.dll)
2025-12-23T17:47:42 10.674 INF [MODS]   Initializing mod DWSM
2025-12-23T17:47:42 10.674 INF [MODS]     Found ModAPI in assembly DW_Special_Monsters (in D:\Asylum2.5\7 Days To Die\Mods\AsylumSpecial_Monsters\DW_Special_Monsters.dll), creating instance
2025-12-23T17:47:42 10.675 INF DW Special Monsters: Initializing physics body warning suppressor for EntityEnemyAnimal, EntityVulture, and EntityZombie...
2025-12-23T17:47:42 10.676 INF DW Special Monsters: Physics body warning suppressor initialized successfully for both land and flying monsters.
2025-12-23T17:47:42 10.676 INF [MODS]     Initialized code in mod 'DWSM' in assembly DW_Special_Monsters (in D:\Asylum2.5\7 Days To Die\Mods\AsylumSpecial_Monsters\DW_Special_Monsters.dll)
2025-12-23T17:47:42 10.677 INF [MODS]   Initializing mod AsylumWorkstations
2025-12-23T17:47:42 10.677 INF [MODS]     Found ModAPI in assembly AsylumAmmoPress (in D:\Asylum2.5\7 Days To Die\Mods\AsylumWorkstations\AsylumAmmoPress.dll), creating instance
2025-12-23T17:47:42 10.677 INF [AsylumAmmoPress] Loading Asylum Ammo Press mod...
2025-12-23T17:47:42 10.679 INF [AsylumAmmoPress] Harmony patches applied successfully!
2025-12-23T17:47:42 10.679 INF [AsylumAmmoPress] Asylum Ammo Press controller loaded!
2025-12-23T17:47:42 10.679 INF [MODS]     Initialized code in mod 'AsylumWorkstations' in assembly AsylumAmmoPress (in D:\Asylum2.5\7 Days To Die\Mods\AsylumWorkstations\AsylumAmmoPress.dll)
2025-12-23T17:47:42 10.679 INF [MODS]     Found ModAPI in assembly AsylumAutoMiner (in D:\Asylum2.5\7 Days To Die\Mods\AsylumWorkstations\AsylumAutoMiner.dll), creating instance
2025-12-23T17:47:42 10.680 INF [AsylumAutoMiner] Loading Asylum Auto Miner mod...
2025-12-23T17:47:42 10.682 INF [AsylumAutoMiner] Harmony patches applied successfully!
2025-12-23T17:47:42 10.682 INF [AsylumAutoMiner] Drill animation controller loaded!
2025-12-23T17:47:42 10.682 INF [MODS]     Initialized code in mod 'AsylumWorkstations' in assembly AsylumAutoMiner (in D:\Asylum2.5\7 Days To Die\Mods\AsylumWorkstations\AsylumAutoMiner.dll)
2025-12-23T17:47:42 10.682 INF [MODS]     Found ModAPI in assembly AsylumWorkstations (in D:\Asylum2.5\7 Days To Die\Mods\AsylumWorkstations\AsylumWorkstations.dll), creating instance
2025-12-23T17:47:42 10.683 INF [AsylumWorkstations] Loading Asylum Workstations Harmony mod...
2025-12-23T17:47:42 10.691 INF [AsylumWorkstations] Harmony patches applied successfully!
2025-12-23T17:47:42 10.691 INF [MODS]     Initialized code in mod 'AsylumWorkstations' in assembly AsylumWorkstations (in D:\Asylum2.5\7 Days To Die\Mods\AsylumWorkstations\AsylumWorkstations.dll)
2025-12-23T17:47:42 10.691 INF [MODS]   Initializing mod compodensityfix
2025-12-23T17:47:42 10.691 INF [MODS]     Found ModAPI in assembly compodensityfix (in D:\Asylum2.5\7 Days To Die\Mods\compodensityfix\compodensityfix.dll), creating instance
2025-12-23T17:47:42 10.692 INF  
2025-12-23T17:47:42 10.692 INF ========================================
2025-12-23T17:47:42 10.692 INF [compodensityfix] Loading POI Density Fix mod...
2025-12-23T17:47:42 10.692 INF [compodensityfix] Version: 1.0.0
2025-12-23T17:47:42 10.692 INF [compodensityfix] This mod fixes duplicate POI spawning caused by density override bug
2025-12-23T17:47:42 10.693 INF ========================================
2025-12-23T17:47:42 10.699 INF [compodensityfix] Harmony patches applied successfully!
2025-12-23T17:47:42 10.700 INF [compodensityfix] Patched: PrefabManager.GetPrefabWithDistrict
2025-12-23T17:47:42 10.701 INF [compodensityfix] Patched: PrefabManager.GetWildernessPrefab
2025-12-23T17:47:42 10.701 INF [compodensityfix] Total methods patched: 2
2025-12-23T17:47:42 10.701 INF [compodensityfix] DuplicateRepeatDistance will now be respected even when density is low
2025-12-23T17:47:42 10.701 INF ========================================
2025-12-23T17:47:42 10.701 INF  
2025-12-23T17:47:42 10.701 INF [MODS]     Initialized code in mod 'compodensityfix' in assembly compodensityfix (in D:\Asylum2.5\7 Days To Die\Mods\compodensityfix\compodensityfix.dll)
2025-12-23T17:47:42 10.701 INF [MODS]   Initializing mod CustomTerrainRWG
2025-12-23T17:47:42 10.702 INF [MODS]     Found ModAPI in assembly CustomTerrainRWG (in D:\Asylum2.5\7 Days To Die\Mods\CustomTerrainRWG\CustomTerrainRWG.dll), creating instance
2025-12-23T17:47:42 10.702 INF [CustomTerrainRWG] Loading mod...
2025-12-23T17:47:42 10.712 INF [CustomTerrainRWG] Mod loaded successfully!
2025-12-23T17:47:42 10.712 INF [CustomTerrainRWG] Version: 1.0.0
2025-12-23T17:47:42 10.713 INF [CustomTerrainRWG] This mod enables RWG features on custom hand-crafted terrain maps.
2025-12-23T17:47:42 10.713 INF [MODS]     Initialized code in mod 'CustomTerrainRWG' in assembly CustomTerrainRWG (in D:\Asylum2.5\7 Days To Die\Mods\CustomTerrainRWG\CustomTerrainRWG.dll)
2025-12-23T17:47:42 10.713 INF [MODS]   Initializing mod EfficientBaseRepair
2025-12-23T17:47:42 10.713 INF [MODS]     Found ModAPI in assembly EfficientBaseRepair (in D:\Asylum2.5\7 Days To Die\Mods\EfficientBaseRepair\EfficientBaseRepair.dll), creating instance
2025-12-23T17:47:42 10.721 INF [MODS]     Initialized code in mod 'EfficientBaseRepair' in assembly EfficientBaseRepair (in D:\Asylum2.5\7 Days To Die\Mods\EfficientBaseRepair\EfficientBaseRepair.dll)
2025-12-23T17:47:42 10.722 INF [MODS]   Initializing mod EnhancedZombiePathfinding
2025-12-23T17:47:42 10.722 INF [MODS]     Found ModAPI in assembly EnhancedZombiePathfinding (in D:\Asylum2.5\7 Days To Die\Mods\EnhancedZombiePathfinding\EnhancedZombiePathfinding.dll), creating instance
2025-12-23T17:47:42 10.722 INF  
2025-12-23T17:47:42 10.722 INF ========================================
2025-12-23T17:47:42 10.723 INF [EnhancedPathfinding] Loading Enhanced Zombie Pathfinding mod...
2025-12-23T17:47:42 10.723 INF [EnhancedPathfinding] Version: 1.0.0
2025-12-23T17:47:42 10.723 INF ========================================
2025-12-23T17:47:42 10.742 INF [EnhancedPathfinding] Harmony patches applied successfully!
2025-12-23T17:47:42 10.743 INF [EnhancedPathfinding] Mod initialized successfully!
2025-12-23T17:47:42 10.743 INF ========================================
2025-12-23T17:47:42 10.743 INF  
2025-12-23T17:47:42 10.743 INF [MODS]     Initialized code in mod 'EnhancedZombiePathfinding' in assembly EnhancedZombiePathfinding (in D:\Asylum2.5\7 Days To Die\Mods\EnhancedZombiePathfinding\EnhancedZombiePathfinding.dll)
2025-12-23T17:47:42 10.744 INF [MODS]   Initializing mod InfernalEnhancement
2025-12-23T17:47:42 10.744 INF [MODS]     Found ModAPI in assembly InfernalEnhancement (in D:\Asylum2.5\7 Days To Die\Mods\InfernalEnhancement\InfernalEnhancement.dll), creating instance
 
========================================
[InfernalEnhancement] Loading Harmony patches...
========================================
[InfernalEnhancement] Harmony patches applied successfully!
[InfernalEnhancement] Enhancement system initialized.
========================================
 
2025-12-23T17:47:42 10.770 INF [MODS]     Initialized code in mod 'InfernalEnhancement' in assembly InfernalEnhancement (in D:\Asylum2.5\7 Days To Die\Mods\InfernalEnhancement\InfernalEnhancement.dll)
2025-12-23T17:47:42 10.770 INF [MODS]   Initializing mod OcbCustomTextures
2025-12-23T17:47:42 10.771 INF [MODS]     Found ModAPI in assembly CustomTextures (in D:\Asylum2.5\7 Days To Die\Mods\OcbCustomTextures\CustomTextures.dll), creating instance
2025-12-23T17:47:42 10.771 INF OCB Harmony Patch: OcbCustomTextures
2025-12-23T17:47:42 10.788 INF [MODS]     Initialized code in mod 'OcbCustomTextures' in assembly CustomTextures (in D:\Asylum2.5\7 Days To Die\Mods\OcbCustomTextures\CustomTextures.dll)
2025-12-23T17:47:42 10.788 INF [MODS]   Initializing mod OcbMicroSplat
2025-12-23T17:47:42 10.788 INF [MODS]     Found ModAPI in assembly MicroSplat (in D:\Asylum2.5\7 Days To Die\Mods\OcbMicroSplat-master\MicroSplat.dll), creating instance
2025-12-23T17:47:42 10.790 INF OCB Harmony Patch: OcbMicroSplat
2025-12-23T17:47:42 10.935 INF [MODS]     Initialized code in mod 'OcbMicroSplat' in assembly MicroSplat (in D:\Asylum2.5\7 Days To Die\Mods\OcbMicroSplat-master\MicroSplat.dll)
2025-12-23T17:47:42 10.935 INF [MODS]   Initializing mod OcbStopFuelWaste
2025-12-23T17:47:42 10.935 INF [MODS]     Found ModAPI in assembly StopFuelWaste (in D:\Asylum2.5\7 Days To Die\Mods\OcbStopFuelWaste\StopFuelWaste.dll), creating instance
2025-12-23T17:47:42 10.936 INF OCB Harmony Patch: StopFuelWaste
2025-12-23T17:47:42 10.942 INF [MODS]     Initialized code in mod 'OcbStopFuelWaste' in assembly StopFuelWaste (in D:\Asylum2.5\7 Days To Die\Mods\OcbStopFuelWaste\StopFuelWaste.dll)
2025-12-23T17:47:42 10.942 INF [MODS]   Initializing mod Rainstorm
2025-12-23T17:47:42 10.942 INF [MODS]     Found ModAPI in assembly GearsAPI (in D:\Asylum2.5\7 Days To Die\Mods\00000-Gears\GearsAPI.dll), creating instance
2025-12-23T17:47:42 10.943 INF [Gears API] Gears API version 2.0.1.0 loaded
2025-12-23T17:47:42 10.943 INF [MODS]     Initialized code in mod 'Rainstorm' in assembly GearsAPI (in D:\Asylum2.5\7 Days To Die\Mods\00000-Gears\GearsAPI.dll)
2025-12-23T17:47:42 10.943 INF [MODS]     Found ModAPI in assembly Rainstorm (in D:\Asylum2.5\7 Days To Die\Mods\Rainstorm\Rainstorm.dll), creating instance
2025-12-23T17:47:42 10.943 INF [Rainstorm] Loading Patch
2025-12-23T17:47:42 10.958 INF [Rainstorm] Loaded Patch
2025-12-23T17:47:42 10.958 INF [MODS]     Initialized code in mod 'Rainstorm' in assembly Rainstorm (in D:\Asylum2.5\7 Days To Die\Mods\Rainstorm\Rainstorm.dll)
2025-12-23T17:47:42 10.959 INF [MODS]   Initializing mod RoadShapeFix
2025-12-23T17:47:42 10.959 INF [MODS]     Found ModAPI in assembly RoadShapeFix (in D:\Asylum2.5\7 Days To Die\Mods\RoadShapeFix\RoadShapeFix.dll), creating instance
2025-12-23T17:47:42 10.959 INF [RoadShapeFix] ========================================
2025-12-23T17:47:42 10.959 INF [RoadShapeFix] Initializing Road Shape Bug Fix
2025-12-23T17:47:42 10.959 INF [RoadShapeFix] Fixing township generation to properly create all road shapes
2025-12-23T17:47:42 10.960 INF [RoadShapeFix] ========================================
2025-12-23T17:47:42 10.962 INF [RoadShapeFix] Harmony patches applied successfully!
2025-12-23T17:47:42 10.965 INF [MODS]     Initialized code in mod 'RoadShapeFix' in assembly RoadShapeFix (in D:\Asylum2.5\7 Days To Die\Mods\RoadShapeFix\RoadShapeFix.dll)
2025-12-23T17:47:42 10.965 INF [MODS]   Initializing mod ShockShaderPatch_Emu46
2025-12-23T17:47:42 10.965 INF [MODS]     Found ModAPI in assembly ShockShaderPatch_Emu46 (in D:\Asylum2.5\7 Days To Die\Mods\ShockShaderPatch_Emu46\ShockShaderPatch_Emu46.dll), creating instance
2025-12-23T17:47:42 10.968 INF InitMod ShockShaderPatch_Emu46
2025-12-23T17:47:42 10.968 INF [MODS]     Initialized code in mod 'ShockShaderPatch_Emu46' in assembly ShockShaderPatch_Emu46 (in D:\Asylum2.5\7 Days To Die\Mods\ShockShaderPatch_Emu46\ShockShaderPatch_Emu46.dll)
2025-12-23T17:47:42 10.969 INF [MODS]   Initializing mod SdtdLiveReloader
2025-12-23T17:47:42 10.969 INF [MODS]     Found ModAPI in assembly SdtdLiveReloader (in D:\Asylum2.5\7 Days To Die\Mods\TianYiSdtdLiveReloader\SdtdLiveReloader.dll), creating instance
2025-12-23T17:47:42 10.969 INF [MODS]     Initialized code in mod 'SdtdLiveReloader' in assembly SdtdLiveReloader (in D:\Asylum2.5\7 Days To Die\Mods\TianYiSdtdLiveReloader\SdtdLiveReloader.dll)
2025-12-23T17:47:42 10.969 INF [MODS]   Initializing mod CATUI
2025-12-23T17:47:42 10.969 INF [MODS]     Found ModAPI in assembly CATUI (in D:\Asylum2.5\7 Days To Die\Mods\ZZZ_CATUI\CATUI.dll), creating instance
<color=#00FF00>CATUI Applied.</color>
2025-12-23T17:47:42 11.164 INF [MODS]     Initialized code in mod 'CATUI' in assembly CATUI (in D:\Asylum2.5\7 Days To Die\Mods\ZZZ_CATUI\CATUI.dll)
2025-12-23T17:47:42 11.165 INF [MODS]   Initializing mod CATUIZombieINCVehicleCompatibilityPatch
2025-12-23T17:47:42 11.165 INF [MODS]     Found ModAPI in assembly CATUIZombieINCPatch (in D:\Asylum2.5\7 Days To Die\Mods\ZZZ_CATUI_Asylum_Patch\CATUIZombieINCPatch.dll), creating instance
2025-12-23T17:47:42 11.174 INF [MODS]     Initialized code in mod 'CATUIZombieINCVehicleCompatibilityPatch' in assembly CATUIZombieINCPatch (in D:\Asylum2.5\7 Days To Die\Mods\ZZZ_CATUI_Asylum_Patch\CATUIZombieINCPatch.dll)
2025-12-23T17:47:42 11.175 INF [MODS]   Initializing mod CATUI_local_load
2025-12-23T17:47:42 11.175 INF [MODS]     Found ModAPI in assembly CATUI_local_load (in D:\Asylum2.5\7 Days To Die\Mods\ZZZ_CATUI_local_load\CATUI_local_load.dll), creating instance
2025-12-23T17:47:42 11.179 INF [MODS]     Initialized code in mod 'CATUI_local_load' in assembly CATUI_local_load (in D:\Asylum2.5\7 Days To Die\Mods\ZZZ_CATUI_local_load\CATUI_local_load.dll)
2025-12-23T17:47:42 11.179 INF [MODS]   Initializing mod CATUI_toolbelt_more_slot
2025-12-23T17:47:42 11.179 INF [MODS]     Found ModAPI in assembly CATUI_toolbelt_more_slot (in D:\Asylum2.5\7 Days To Die\Mods\ZZZ_CATUI_toolbelt_more_slot\CATUI_toolbelt_more_slot.dll), creating instance
<color=#00FF00>CATUI [ToolbeltShortcutPatch] 替换了一处ShiftKeyPressed调用 (OpCodes.Call)</color>
<color=#00FF00>CATUI [ToolbeltShortcutPatch] 替换了一处ShiftKeyPressed调用 (OpCodes.Call)</color>
<color=#00FF00>CATUI [ToolbeltShortcutPatch] 共替换了 2 处ShiftKeyPressed调用</color>
2025-12-23T17:47:42 11.222 INF [MODS]     Initialized code in mod 'CATUI_toolbelt_more_slot' in assembly CATUI_toolbelt_more_slot (in D:\Asylum2.5\7 Days To Die\Mods\ZZZ_CATUI_toolbelt_more_slot\CATUI_toolbelt_more_slot.dll)
2025-12-23T17:47:42 11.222 INF [MODS]   Initializing mod 7D2D-cave-assets
2025-12-23T17:47:42 11.222 INF [MODS]     Found ModAPI in assembly cave-assets (in D:\Asylum2.5\7 Days To Die\Mods\zzzTheDescent-cave-assets\cave-assets.dll), creating instance
2025-12-23T17:47:42 11.223 INF [MODS]     Initialized code in mod '7D2D-cave-assets' in assembly cave-assets (in D:\Asylum2.5\7 Days To Die\Mods\zzzTheDescent-cave-assets\cave-assets.dll)
2025-12-23T17:47:42 11.223 INF [MODS] Loading done
2025-12-23T17:47:42 11.230 INF UIAtlas UIAtlas: Pack took 2644 us
2025-12-23T17:47:42 11.232 INF UIAtlas UIAtlas: Pack took 454 us
2025-12-23T17:47:42 11.234 INF UIAtlas ItemIconAtlas: Pack took 463 us
2025-12-23T17:47:42 11.249 INF UIAtlas UIAtlas: Pack took 8847 us
2025-12-23T17:47:44 12.501 INF UIAtlas ItemIconAtlas: Pack took 609687 us
2025-12-23T17:47:44 12.620 INF UIAtlas UIAtlas: Pack took 47988 us
2025-12-23T17:47:44 12.631 INF UIAtlas ItemIconAtlas: Pack took 4943 us
2025-12-23T17:47:44 12.718 INF UIAtlas UIAtlas: Pack took 41818 us
2025-12-23T17:47:44 12.719 INF UIAtlas ItemIconAtlas: Pack took 610 us
2025-12-23T17:47:44 12.723 INF UIAtlas UIAtlas: Pack took 1227 us
2025-12-23T17:47:44 12.800 INF UIAtlas ItemIconAtlas: Pack took 31498 us
2025-12-23T17:47:44 12.808 INF UIAtlas ItemIconAtlas: Pack took 3401 us
2025-12-23T17:47:44 13.061 INF UIAtlas ItemIconAtlas: Pack took 132318 us
2025-12-23T17:47:44 13.064 INF UIAtlas UIAtlas: Pack took 1221 us
2025-12-23T17:47:45 13.447 INF UIAtlas ItemIconAtlas: Pack took 199096 us
2025-12-23T17:47:45 13.449 INF UIAtlas UIAtlas: Pack took 234 us
2025-12-23T17:47:45 13.453 INF UIAtlas ItemIconAtlas: Pack took 1600 us
2025-12-23T17:47:45 13.458 INF UIAtlas ItemIconAtlas: Pack took 2081 us
2025-12-23T17:47:45 13.482 INF UIAtlas ItemIconAtlas: Pack took 11356 us
2025-12-23T17:47:45 13.488 INF UIAtlas UIAtlas: Pack took 2165 us
2025-12-23T17:47:45 13.537 INF UIAtlas ItemIconAtlas: Pack took 27546 us
2025-12-23T17:47:45 13.617 INF UIAtlas ItemIconAtlas: Pack took 51714 us
2025-12-23T17:47:45 13.675 INF UIAtlas UIAtlas: Pack took 34042 us
2025-12-23T17:47:45 13.699 INF UIAtlas ItemIconAtlas: Pack took 13609 us
2025-12-23T17:47:45 13.703 INF UIAtlas UIAtlas: Pack took 1270 us
2025-12-23T17:47:45 13.874 INF UIAtlas ItemIconAtlas: Pack took 108115 us
2025-12-23T17:47:45 14.135 INF UIAtlas ItemIconAtlas: Pack took 115339 us
2025-12-23T17:47:45 14.140 INF UIAtlas uiAtlas: Pack took 1436 us
2025-12-23T17:47:46 14.397 INF UIAtlas ItemIconAtlas: Pack took 149391 us
2025-12-23T17:47:46 15.122 INF UIAtlas ItemIconAtlas: Pack took 416729 us
2025-12-23T17:47:47 15.305 INF UIAtlas ItemIconAtlas: Pack took 80681 us
2025-12-23T17:47:47 15.329 INF UIAtlas UIAtlas: Pack took 9118 us
2025-12-23T17:47:47 15.340 INF UIAtlas ItemIconAtlas: Pack took 6710 us
2025-12-23T17:47:47 15.367 INF UIAtlas ItemIconAtlas: Pack took 12860 us
2025-12-23T17:47:47 15.459 INF UIAtlas UIAtlas: Pack took 56506 us
2025-12-23T17:47:47 15.546 INF UIAtlas ItemIconAtlas: Pack took 36856 us
2025-12-23T17:47:47 15.548 INF [MODS] Loading localization from mod: Gears
2025-12-23T17:47:47 15.549 INF [MODS] Loading localization from mod: Quartz
2025-12-23T17:47:47 15.550 INF [MODS] Loading Localization Patches for 0-SCore_sphereii...
2025-12-23T17:47:47 15.550 INF [MODS] Loading Patched Localization File D:/Asylum2.5/7 Days To Die/7DaysToDie_Data/../Mods\0-SCore-2.5.2.1743/Config/Dialogs/Zombies.txt
2025-12-23T17:47:47 15.550 INF [MODS] Loading localization from mod: 0-SCore_sphereii
2025-12-23T17:47:47 15.552 INF [MODS] Loading localization from mod: TheAsylumCore
2025-12-23T17:47:47 15.554 INF [MODS] Loading localization from mod: 0-XNPCCore
2025-12-23T17:47:47 15.555 INF [MODS] Loading localization from mod: HigherTerrain
2025-12-23T17:47:47 15.555 INF [MODS] Loading localization from mod: Aerodrifter
2025-12-23T17:47:47 15.556 INF [MODS] Loading localization from mod: AsylumRoboticInbox
2025-12-23T17:47:47 15.556 INF [MODS] Loading localization from mod: AsylumInfernalTraps
2025-12-23T17:47:47 15.556 INF [MODS] Loading localization from mod: BiomeBadgeKillsRebalance
2025-12-23T17:47:47 15.557 INF [MODS] Loading localization from mod: AsylumbiomeTrees
2025-12-23T17:47:47 15.558 INF [MODS] Loading localization from mod: AsylumCrusher
2025-12-23T17:47:47 15.559 INF [MODS] Loading localization from mod: AsylumCustomMenu
2025-12-23T17:47:47 15.562 INF [MODS] Loading localization from mod: AsylumDemonsEndgame
2025-12-23T17:47:47 15.563 INF [MODS] Loading localization from mod: MidgameDemons
2025-12-23T17:47:47 15.568 INF [MODS] Loading localization from mod: AsylumEntities-revised
2025-12-23T17:47:47 15.570 INF [MODS] Loading localization from mod: AsylumInfernalArmors
2025-12-23T17:47:47 15.570 INF [MODS] Loading localization from mod: AsylumLegendaryTools
2025-12-23T17:47:47 15.571 INF [MODS] Loading localization from mod: SMALW
2025-12-23T17:47:47 15.572 INF [MODS] Loading localization from mod: kanaverum-quantum-elevators
2025-12-23T17:47:47 15.573 INF [MODS] Loading localization from mod: AsylumQuestClassSystem
2025-12-23T17:47:47 15.575 INF [MODS] Loading localization from mod: Asylumquestrevamp
2025-12-23T17:47:47 15.575 INF [MODS] Loading localization from mod: AsylumScreamerHorde
2025-12-23T17:47:47 15.576 INF [MODS] Loading localization from mod: SkillCoins
2025-12-23T17:47:47 15.576 INF [MODS] Loading localization from mod: DWSM
2025-12-23T17:47:47 15.576 INF [MODS] Loading localization from mod: ASA
2025-12-23T17:47:47 15.577 INF [MODS] Loading localization from mod: AsylumTraderModels
2025-12-23T17:47:47 15.577 INF [MODS] Loading localization from mod: AsylumTwistedMedicine
2025-12-23T17:47:47 15.577 INF [MODS] Loading localization from mod: AsylumUFO
2025-12-23T17:47:47 15.578 INF [MODS] Loading localization from mod: UraniumAmmo
2025-12-23T17:47:47 15.578 INF [MODS] Loading localization from mod: AsylumVehicles
2025-12-23T17:47:47 15.579 INF [MODS] Loading localization from mod: AsylumWorkstations
2025-12-23T17:47:47 15.579 INF [MODS] Loading localization from mod: park_azaroth_svr
2025-12-23T17:47:47 15.580 INF [MODS] Loading localization from mod: detailed_houses_svr
2025-12-23T17:47:47 15.580 INF [MODS] Loading localization from mod: detailed_parks_svr
2025-12-23T17:47:47 15.580 INF [MODS] Loading localization from mod: Dwarven_Citadel_Descent_Mahem3000
2025-12-23T17:47:47 15.581 INF [MODS] Loading localization from mod: EfficientBaseRepair
2025-12-23T17:47:47 15.581 INF [MODS] Loading localization from mod: InfernalEnhancement
2025-12-23T17:47:47 15.581 INF [MODS] Loading localization from mod: KevBal_MegaPack_I
2025-12-23T17:47:47 15.582 INF [MODS] Loading localization from mod: LittleRedSonja_UBBI_V2
2025-12-23T17:47:47 15.582 INF [MODS] Loading localization from mod: LxS_WritableStorage
2025-12-23T17:47:47 15.583 INF [MODS] Loading localization from mod: Special_Zombies
2025-12-23T17:47:47 15.583 INF [MODS] Loading localization from mod: MPLogue_UrbanDecay_7D2D_v1_0
2025-12-23T17:47:47 15.583 INF [MODS] Loading localization from mod: NorthernForestBiome
2025-12-23T17:47:47 15.584 INF [MODS] Loading localization from mod: OcbMicroSplat
2025-12-23T17:47:47 15.584 INF [MODS] Loading localization from mod: Rainstorm
2025-12-23T17:47:47 15.585 INF [MODS] Loading localization from mod: Serenity
2025-12-23T17:47:47 15.585 INF [MODS] Loading localization from mod: Vanilla_Block_POIs_by_FNS
2025-12-23T17:47:47 15.586 INF [MODS] Loading localization from mod: VehicleMadnessModlet_v5_Beta_4
2025-12-23T17:47:47 15.587 INF [MODS] Loading localization from mod: duhwolfPOIpack
2025-12-23T17:47:47 15.588 INF [MODS] Loading localization from mod: Vita_EnhancedModifiers
2025-12-23T17:47:47 15.588 INF [MODS] Loading localization from mod: AsylumAscension
2025-12-23T17:47:47 15.589 INF [MODS] Loading localization from mod: CATUI
2025-12-23T17:47:47 15.590 INF [MODS] Loading localization from mod: CATUI_backpack_91slot
2025-12-23T17:47:47 15.590 INF [MODS] Loading localization from mod: AsylumLootRebalance
2025-12-23T17:47:47 15.590 INF [MODS] Loading localization from mod: Vita_Action_Mastery
2025-12-23T17:47:47 15.591 INF [MODS] Loading localization from mod: Zzzzxcp_CP_Classic_All_In_One
2025-12-23T17:47:47 15.617 INF Loading permissions file at 'C:\Users\polil\AppData\Roaming/7DaysToDie\Saves/serveradmin.xml'
2025-12-23T17:47:47 15.628 WRN Ignoring unknown section in permissions file: apitokens
2025-12-23T17:47:47 15.628 WRN Ignoring unknown section in permissions file: webmodules
2025-12-23T17:47:47 15.628 WRN Ignoring unknown section in permissions file: webusers
2025-12-23T17:47:47 15.628 INF Loading permissions file done.
2025-12-23T17:47:47 15.640 INF Creating TransformDebug GameObject
2025-12-23T17:47:47 15.668 INF [Gears] Finding Mods' IGearsModApi
2025-12-23T17:47:47 15.669 INF [Gears] Found IGearsModAPI for Gears in Gears.dll, creating instance
2025-12-23T17:47:47 15.670 INF [Gears] Found IGearsModAPI for Quartz in Quartz.dll, creating instance
2025-12-23T17:47:47 15.670 INF [Gears] Found IGearsModAPI for Rainstorm in Rainstorm.dll, creating instance
2025-12-23T17:47:47 15.670 INF [Gears] Loading done
2025-12-23T17:47:47 15.671 INF [Gears] Initializing Mods IGearAPI
2025-12-23T17:47:47 15.671 INF [Gears] Initializing done
2025-12-23T17:47:47 15.671 INF [Gears] Loading Mod Settings
2025-12-23T17:47:47 15.678 WRN [Gears] [SavedModSettingsFromXml] Mod CommonUtilityLib not found installed, unable to load the mod's current settings
2025-12-23T17:47:47 15.680 WRN [Gears] [SavedModSettingsFromXml] Mod QuestRevamp not found installed, unable to load the mod's current settings
2025-12-23T17:47:47 15.690 INF [Gears] Loading done
2025-12-23T17:47:47 15.690 INF [QuantumElevators.ModApi] Quantum Elevators DLL Version test-version build for 7DTD test-target
2025-12-23T17:47:47 15.691 INF GameSense server not found (no props file), disabling
2025-12-23T17:47:47 15.696 INF [Discord] Loaded settings with DiscordDisabled=False
2025-12-23T17:47:47 15.706 INF [Discord] Initializing, version 1.4.9649, # 763870b3777c80fd978f7ba35bb7bc0178c55098
2025-12-23T17:47:47 15.726 INF [Discord] Registering game for Discord invites: Success
2025-12-23T17:47:47 15.741 INF [Discord] Initialized
2025-12-23T17:47:47 15.748 INF [PartyQuests] Initialized
2025-12-23T17:47:47 15.752 INF Awake done in 7586 ms
2025-12-23T17:47:47 15.884 INF [XUi] Instantiating XUi from default prefab.
2025-12-23T17:47:47 15.889 INF [XUi] XUi instantiation completed in 4 ms
2025-12-23T17:47:47 15.894 INF [FF8C00][AsylumMenuMusic] Replacing vanilla menu music with Asylum tracks...
2025-12-23T17:47:47 15.896 INF [FF8C00][AsylumMenuMusic] Successfully loaded 'mainmenu' from bundle: music.unity3d
2025-12-23T17:47:47 15.897 INF [FF8C00][AsylumMenuMusic] Successfully loaded 'mainmenu' from bundle: music.unity3d
2025-12-23T17:47:47 15.897 INF [FF8C00][AsylumMenuMusic] Asylum menu music loaded successfully
2025-12-23T17:47:47 15.897 INF [FF8C00][AsylumMenuMusic] Asylum credits music loaded successfully
2025-12-23T17:47:47 15.933 INF [EnhancedPathfinding] Configuration loaded successfully. Mode: Hybrid
2025-12-23T17:47:47 15.934 INF [EnhancedPathfinding] Initializing Enhanced Pathfinding Manager...
2025-12-23T17:47:47 15.934 INF [EnhancedPathfinding] Path Sharing enabled
2025-12-23T17:47:47 15.935 INF [EnhancedPathfinding] Smart Path Invalidation enabled
2025-12-23T17:47:47 15.935 INF [EnhancedPathfinding] Predictive Pathfinding enabled
2025-12-23T17:47:47 15.936 INF [EnhancedPathfinding] Obstacle Cache enabled
2025-12-23T17:47:47 15.936 INF [EnhancedPathfinding] Manager initialized successfully. Mode: Hybrid
2025-12-23T17:47:48 16.368 INF Reloading serveradmin.xml
2025-12-23T17:47:48 16.369 INF Loading permissions file at 'C:\Users\polil\AppData\Roaming/7DaysToDie\Saves/serveradmin.xml'
2025-12-23T17:47:48 16.369 INF Permissions file unchanged, skipping reloading
2025-12-23T17:47:48 16.545 WRN [Discord][RTC][Log] Will not log any `WebRTC.Audio.Apm.AppliedInputVolume.*` histogram stats. (input_volume_stats_reporter.cc:98)
2025-12-23T17:47:48 16.546 WRN [Discord][RTC][Log] Will not log any `WebRTC.Audio.Apm.RecommendedInputVolume.*` histogram stats. (input_volume_stats_reporter.cc:98)
2025-12-23T17:47:48 16.546 WRN [Discord][RTC][Log] AudioDeviceWindowsCore::~AudioDeviceWindowsCore() the Avrt DLL module is now unloaded (audio_device_core_win.cc:603)
2025-12-23T17:47:48 16.547 WRN [Discord][RTC][Log] AudioDeviceWindowsCore::~AudioDeviceWindowsCore() the Avrt DLL module is now unloaded (audio_device_core_win.cc:603)
2025-12-23T17:47:48 16.547 WRN [Discord][RTC][Log] Will not log any `WebRTC.Audio.Apm.AppliedInputVolume.*` histogram stats. (input_volume_stats_reporter.cc:98)
2025-12-23T17:47:48 16.547 WRN [Discord][RTC][Log] Will not log any `WebRTC.Audio.Apm.RecommendedInputVolume.*` histogram stats. (input_volume_stats_reporter.cc:98)
2025-12-23T17:47:48 16.623 INF [Discord] Current output device: default // default (Speakers (Razer USB Sound Card)) // True
2025-12-23T17:47:48 16.624 INF [Discord] Current input device: default // default (Microphone (Razer USB Sound Card)) // True
2025-12-23T17:47:48 16.624 INF [Discord] Current output device: default // default (Speakers (Razer USB Sound Card)) // True
2025-12-23T17:47:48 16.625 INF [Discord] Current input device: default // default (Microphone (Razer USB Sound Card)) // True
2025-12-23T17:47:48 16.627 INF [Quartz] Loading Fonts
2025-12-23T17:47:48 16.628 INF [Quartz] Loaded Fonts
2025-12-23T17:47:48 16.636 INF [XUi] Loading XUi asynchronously
2025-12-23T17:47:48 16.761 INF [CustomTerrainRWG] Added 12288 (12k) to world size options
2025-12-23T17:47:48 16.900 INF [EOS] Read cached (NewsFeatured.xml) completed: 1616 bytes
2025-12-23T17:47:48 16.919 INF [EOS] Read cached (News.xml) completed: 9788 bytes
2025-12-23T17:47:48 16.952 INF [CustomTerrainRWG] Added 12288 (12k) to world size options
2025-12-23T17:47:49 17.760 INF [Quartz] [UIAtlastList] UIAtlas found
2025-12-23T17:47:49 17.831 INF [XUi] Parsing all window groups completed in 1073 ms total.
Couldn't create a Convex Mesh from source mesh "hull_forklift_tire" within the maximum polygons limit (256). The partial hull will be used. Consider simplifying your mesh.
2025-12-23T17:47:49 18.020 WRN World '11-28b' has an invalid GameVersion value: V 2.4 (b7)
2025-12-23T17:47:49 18.021 WRN World '12-12C' has an invalid GameVersion value: V 2.4 (b7)
2025-12-23T17:47:49 18.022 WRN World '12-13C' has an invalid GameVersion value: V 2.4 (b7)
2025-12-23T17:47:49 18.022 WRN World '12-20B' has an invalid GameVersion value: V 2.5 (b23)
2025-12-23T17:47:49 18.024 WRN World 'OfficialAsylumMap' has an invalid GameVersion value: V 2.5 (b23)
2025-12-23T17:47:49 18.024 WRN World 'OfficialAsylumMapDONEBUTNOCAVES' has an invalid GameVersion value: V 2.5 (b23)
2025-12-23T17:47:49 18.026 WRN World '12-12C' has an invalid GameVersion value: V 2.4 (b7)
2025-12-23T17:47:49 18.026 WRN World '12-20B' has an invalid GameVersion value: V 2.5 (b23)
2025-12-23T17:47:49 18.027 WRN World 'OfficialAsylumMap' has an invalid GameVersion value: V 2.5 (b23)
2025-12-23T17:47:49 18.027 WRN World 'OfficialAsylumMapDONEBUTNOCAVES' has an invalid GameVersion value: V 2.5 (b23)
2025-12-23T17:47:50 18.708 INF [EOS] Read cached (news_featured_2025_2.5_stable.jpg) completed: 142407 bytes
2025-12-23T17:47:50 18.734 INF [EOS] Read cached (news_featured_bm_pricedown.jpg) completed: 788212 bytes
2025-12-23T17:47:50 18.760 INF [EOS] Read cached (news_featured_ytz2.1.jpg) completed: 123752 bytes
2025-12-23T17:47:50 18.779 INF [EOS] Read cached (news_featured_tfpmerch.jpg) completed: 78916 bytes
2025-12-23T17:47:50 18.795 INF [EOS] Read cached (news_featured_soundtrack.jpg) completed: 235045 bytes
2025-12-23T17:47:50 18.824 INF [EOS] Read cached (news_game_2025_2.5_stable.jpg) completed: 102102 bytes
2025-12-23T17:47:50 18.835 INF [EOS] Read cached (news_game_2.4_stable.jpg) completed: 87456 bytes
2025-12-23T17:47:50 18.848 INF [EOS] Read cached (news_game_2.3_stable.jpg) completed: 72704 bytes
2025-12-23T17:47:50 18.860 INF [EOS] Read cached (news_game_2.2_stable.jpg) completed: 96101 bytes
2025-12-23T17:47:50 18.873 INF [EOS] Read cached (news_game_2.1_stable.jpg) completed: 95868 bytes
2025-12-23T17:47:50 18.885 INF [EOS] Read cached (news_game_06_2.0_stable.jpg) completed: 96807 bytes
2025-12-23T17:47:50 18.896 INF [EOS] Read cached (game_news_06_EXP.jpg) completed: 110240 bytes
2025-12-23T17:47:51 19.651 WRN More tabs (5) than tab buttons (3) in windowGroup 'newContinueGame'
2025-12-23T17:47:52 20.786 INF Loaded default EULA
2025-12-23T17:47:52 21.120 INF [XUi] Initialized all window groups completed in 3121 ms total.
Couldn't create a Convex Mesh from source mesh "Head" within the maximum polygons limit (256). The partial hull will be used. Consider simplifying your mesh.
2025-12-23T17:47:53 21.802 INF LoadTextureArraysForQuality quality -1 to 0, reload False
2025-12-23T17:47:54 22.352 INF LoadTextureArraysForQuality took 0.549
2025-12-23T17:47:54 22.388 INF Loaded (local): events in 0.01
2025-12-23T17:47:54 22.441 INF Loaded (local): rwgmixer in 0.02
2025-12-23T17:47:54 22.482 INF Loaded (local): archetypes in 0.02
2025-12-23T17:47:54 22.522 INF Loaded (local): loadingscreen in 0.01
2025-12-23T17:47:54 22.554 INF Added 1336 subtitle data entries and 3 speaker colors
2025-12-23T17:47:54 22.555 INF Loaded (local): subtitles in 0.01
2025-12-23T17:47:54 22.589 INF Loaded (local): videos in 0.01
2025-12-23T17:47:54 22.589 INF WorldStaticData.Init() needed 5.000s
2025-12-23T17:47:54 22.596 INF [Steamworks.NET] Login ok.
2025-12-23T17:47:54 22.597 INF [EOS] Login
2025-12-23T17:47:54 22.877 INF AchievementManager: Received stats and achievements from Steam
2025-12-23T17:47:55 23.727 INF [EOS] Login succeeded, PUID: 0002b9a01f4f438d9d590dc75fab7d41
2025-12-23T17:47:55 23.728 INF [EOS] Getting native user for 0002b9a01f4f438d9d590dc75fab7d41
2025-12-23T17:47:55 23.729 INF [EOS] CopyIdToken result: Success
2025-12-23T17:47:55 23.892 INF [BACKTRACE] Attempting to get User ID from platform: EOS
2025-12-23T17:47:55 23.895 INF [EOS] Created RFS Request: NewsFeatured.xml
2025-12-23T17:47:55 23.897 INF [EOS] Created RFS Request: News.xml
2025-12-23T17:47:55 23.900 INF [EOS] Created RFS Request: DLCConfiguration
2025-12-23T17:47:55 23.901 INF [EOS] Created RFS Request: eula_english
2025-12-23T17:47:55 23.902 INF [PermissionsManager] ResolvePermissions(_perms: [Multiplayer, Communication, Crossplay], _canPrompt: False)
2025-12-23T17:47:55 23.905 INF [PermissionsManager] ResolvePermissions(_perms: [Multiplayer, Communication, Crossplay], _canPrompt: False) Fetching Title Storage Overrides...
2025-12-23T17:47:55 23.906 INF [EOS] Created RFS Request: PlatformOverrides
2025-12-23T17:47:55 23.910 INF [EOS] ResolvePermissions(_perms: [Multiplayer, Communication, Crossplay], _canPrompt: False)
2025-12-23T17:47:55 24.072 INF [EOS] Read (NewsFeatured.xml) completed: Success, received 1616 bytes
2025-12-23T17:47:55 24.073 INF [EOS] Created RFS Request: news_featured_2025_2.5_stable.jpg
2025-12-23T17:47:55 24.074 INF [EOS] Created RFS Request: news_featured_bm_pricedown.jpg
2025-12-23T17:47:55 24.074 INF [EOS] Created RFS Request: news_featured_ytz2.1.jpg
2025-12-23T17:47:55 24.246 INF [EOS] Read (News.xml) completed: Success, received 9788 bytes
2025-12-23T17:47:55 24.248 INF [EOS] Created RFS Request: news_game_2025_2.5_stable.jpg
2025-12-23T17:47:55 24.248 INF [EOS] Created RFS Request: news_game_2.4_stable.jpg
2025-12-23T17:47:55 24.248 INF [EOS] Created RFS Request: news_game_2.3_stable.jpg
2025-12-23T17:47:56 24.273 INF [EOS] Read (BlockedPlayerList) completed: Success, received 8 bytes
2025-12-23T17:47:56 24.283 INF [EOS] Read (news_featured_2025_2.5_stable.jpg) completed: Success, received 142407 bytes
2025-12-23T17:47:56 24.283 INF [EOS] Created RFS Request: news_featured_tfpmerch.jpg
2025-12-23T17:47:56 24.372 INF [EOS] Read (DLCConfiguration) completed: Success, received 3232 bytes
2025-12-23T17:47:56 24.373 INF [DLCTitleStorageManager] Successfully retrieved DLC configuration.
2025-12-23T17:47:56 24.385 INF [EOS] Read (eula_english) completed: Success, received 34433 bytes
2025-12-23T17:47:56 24.387 INF [EOS] Created RFS Request: backtraceconfig.xml
2025-12-23T17:47:56 24.397 INF [EOS] Read (PlatformOverrides) completed: Success, received 532 bytes
2025-12-23T17:47:56 24.398 INF [TitleStorageOverridesManager] Successfully retrieved overrides.
2025-12-23T17:47:56 24.400 INF [PermissionsManager] ResolvePermissions(_perms: [Multiplayer, Communication, Crossplay], _canPrompt: False) Fetched Title Storage Overrides!
2025-12-23T17:47:56 24.484 INF [EOS] Read (news_game_2025_2.5_stable.jpg) completed: Success, received 102102 bytes
2025-12-23T17:47:56 24.485 INF [EOS] Created RFS Request: news_game_2.2_stable.jpg
2025-12-23T17:47:56 24.512 INF [EOS] Read (news_game_2.4_stable.jpg) completed: Success, received 87456 bytes
2025-12-23T17:47:56 24.513 INF [EOS] Created RFS Request: news_game_2.1_stable.jpg
2025-12-23T17:47:56 24.533 INF [EOS] Read (news_featured_ytz2.1.jpg) completed: Success, received 123752 bytes
2025-12-23T17:47:56 24.533 INF [EOS] Created RFS Request: news_featured_soundtrack.jpg
2025-12-23T17:47:56 24.582 INF [EOS] Read (news_game_2.3_stable.jpg) completed: Success, received 72704 bytes
2025-12-23T17:47:56 24.583 INF [EOS] Created RFS Request: news_game_06_2.0_stable.jpg
2025-12-23T17:47:56 24.638 INF [EOS] Read (news_featured_tfpmerch.jpg) completed: Success, received 78916 bytes
2025-12-23T17:47:56 24.665 INF [EOS] Read (backtraceconfig.xml) completed: Success, received 2424 bytes
2025-12-23T17:47:56 24.667 INF [BACKTRACE] Bug reporting Enabled with save uploading: Disabled
2025-12-23T17:47:56 24.667 INF [BACKTRACE] Save Attaching Feature: Disabled
2025-12-23T17:47:56 24.667 INF [BACKTRACE] Entire World Attaching Feature: Disabled
2025-12-23T17:47:56 24.667 INF [BACKTRACE] Bug reporting Disabled with save uploading: Disabled
2025-12-23T17:47:56 24.667 INF Backtrace Configuration refreshed from XML: Enabled False
2025-12-23T17:47:56 24.668 INF [BACKTRACE] Bug reporting: Disabled
2025-12-23T17:47:56 24.668 INF [BACKTRACE] Bug reporting attach save feature: Disabled
2025-12-23T17:47:56 24.668 INF [BACKTRACE] Bug reporting attach entire world feature: Disabled
2025-12-23T17:47:56 24.743 INF [EOS] Read (news_game_2.2_stable.jpg) completed: Success, received 96101 bytes
2025-12-23T17:47:56 24.744 INF [EOS] Created RFS Request: game_news_06_EXP.jpg
2025-12-23T17:47:56 24.763 INF [EOS] Read (news_game_2.1_stable.jpg) completed: Success, received 95868 bytes
2025-12-23T17:47:56 24.846 INF [EOS] Read (news_game_06_2.0_stable.jpg) completed: Success, received 96807 bytes
2025-12-23T17:47:56 24.865 INF [EOS] Read (news_featured_bm_pricedown.jpg) completed: Success, received 788212 bytes
2025-12-23T17:47:56 24.898 INF [EOS] Read (news_featured_soundtrack.jpg) completed: Success, received 235045 bytes
2025-12-23T17:47:56 24.994 INF [EOS] Read (game_news_06_EXP.jpg) completed: Success, received 110240 bytes
2025-12-23T17:48:11 40.209 INF [Discord] Logging in with existing access token
2025-12-23T17:48:13 42.225 INF [Discord] Saving settings with DiscordDisabled=False
2025-12-23T17:48:13 42.240 INF [Discord] Logged in
2025-12-23T17:48:14 42.425 INF [TitleStorageOverridesManager] Using cached last success.
Clearing SphereCache...
2025-12-23T17:48:14 42.430 WRN [Discord][Log] RPC manager reset: RPC manager connecting with new client ID Status:0 (rpc_manager.cpp:130)
2025-12-23T17:48:14 42.440 WRN Retrieving XUiV_Texture file from '@modfolder(AsylumCustomMenu):Images/logot.png' failed: HTTP/1.1 404 Not Found
2025-12-23T17:48:16 44.344 WRN World '11-28b' has an invalid GameVersion value: V 2.4 (b7)
2025-12-23T17:48:16 44.349 WRN World '12-12C' has an invalid GameVersion value: V 2.4 (b7)
2025-12-23T17:48:16 44.350 WRN World '12-13C' has an invalid GameVersion value: V 2.4 (b7)
2025-12-23T17:48:16 44.350 WRN World '12-20B' has an invalid GameVersion value: V 2.5 (b23)
2025-12-23T17:48:16 44.352 WRN World 'OfficialAsylumMap' has an invalid GameVersion value: V 2.5 (b23)
2025-12-23T17:48:16 44.352 WRN World 'OfficialAsylumMapDONEBUTNOCAVES' has an invalid GameVersion value: V 2.5 (b23)
2025-12-23T17:48:16 44.354 WRN World '12-12C' has an invalid GameVersion value: V 2.4 (b7)
2025-12-23T17:48:16 44.354 WRN World '12-20B' has an invalid GameVersion value: V 2.5 (b23)
2025-12-23T17:48:16 44.354 WRN World 'OfficialAsylumMap' has an invalid GameVersion value: V 2.5 (b23)
2025-12-23T17:48:16 44.355 WRN World 'OfficialAsylumMapDONEBUTNOCAVES' has an invalid GameVersion value: V 2.5 (b23)
2025-12-23T17:48:23 51.472 INF LoadStamp D:/Asylum2.5/7 Days To Die/Data/Stamps/base_01.raw, size 512, height False (255), alpha True (0), water False, in 0.015
2025-12-23T17:48:23 51.480 INF LoadStamp D:/Asylum2.5/7 Days To Die/Data/Stamps/canyon_01.raw, size 512, height False (0), alpha True (0), water False, in 0.007
2025-12-23T17:48:23 51.488 INF LoadStamp D:/Asylum2.5/7 Days To Die/Data/Stamps/crater_01.raw, size 512, height True (28.88716), alpha True (0), water False, in 0.008
2025-12-23T17:48:23 51.496 INF LoadStamp D:/Asylum2.5/7 Days To Die/Data/Stamps/desert_land_border_01.raw, size 512, height False (255), alpha True (0), water False, in 0.006
2025-12-23T17:48:23 51.502 INF LoadStamp D:/Asylum2.5/7 Days To Die/Data/Stamps/desert_land_border_02.raw, size 512, height False (255), alpha True (0), water False, in 0.006
2025-12-23T17:48:23 51.513 INF LoadStamp D:/Asylum2.5/7 Days To Die/Data/Stamps/desert_mountains_01.raw, size 512, height False (255), alpha True (0), water False, in 0.01
2025-12-23T17:48:23 51.525 INF LoadStamp D:/Asylum2.5/7 Days To Die/Data/Stamps/desert_mountains_02.raw, size 512, height False (255), alpha True (0), water False, in 0.011
2025-12-23T17:48:23 51.548 INF LoadStamp D:/Asylum2.5/7 Days To Die/Data/Stamps/ground_01.raw, size 1024, height False (34), alpha False (1), water False, in 0.022
2025-12-23T17:48:23 51.556 INF LoadStamp D:/Asylum2.5/7 Days To Die/Data/Stamps/hills_01.raw, size 512, height False (255), alpha True (0), water False, in 0.007
2025-12-23T17:48:23 51.564 INF LoadStamp D:/Asylum2.5/7 Days To Die/Data/Stamps/hills_02.raw, size 512, height False (255), alpha True (0), water False, in 0.007
2025-12-23T17:48:23 51.578 INF LoadStamp D:/Asylum2.5/7 Days To Die/Data/Stamps/lake_01.raw, size 512, height False (0), alpha True (0), water True, in 0.013
2025-12-23T17:48:23 51.594 INF LoadStamp D:/Asylum2.5/7 Days To Die/Data/Stamps/lake_02.raw, size 512, height False (0), alpha True (0), water True, in 0.016
2025-12-23T17:48:23 51.611 INF LoadStamp D:/Asylum2.5/7 Days To Die/Data/Stamps/land_border_01.raw, size 512, height False (255), alpha True (0), water False, in 0.017
2025-12-23T17:48:23 51.635 INF LoadStamp D:/Asylum2.5/7 Days To Die/Data/Stamps/mountains_01.raw, size 512, height False (255), alpha True (0), water False, in 0.023
2025-12-23T17:48:23 51.660 INF LoadStamp D:/Asylum2.5/7 Days To Die/Data/Stamps/mountains_02.raw, size 512, height False (255), alpha True (0), water False, in 0.024
2025-12-23T17:48:23 51.680 INF LoadStamp D:/Asylum2.5/7 Days To Die/Data/Stamps/plains_01.raw, size 512, height False (255), alpha True (0), water False, in 0.02
2025-12-23T17:48:23 51.695 INF LoadStamp D:/Asylum2.5/7 Days To Die/Data/Stamps/plains_02.raw, size 512, height False (255), alpha True (0), water False, in 0.014
2025-12-23T17:48:23 51.702 INF LoadStamp D:/Asylum2.5/7 Days To Die/Data/Stamps/water_border_01.raw, size 512, height False (0), alpha True (0), water False, in 0.006
2025-12-23T17:48:23 51.704 INF LoadStamp D:/Asylum2.5/7 Days To Die/Data/Stamps/filler_biome_01.png, size 128, height True (0), alpha True (0), water True, in 0.001
2025-12-23T17:48:23 51.713 INF LoadStamp D:/Asylum2.5/7 Days To Die/Data/Stamps/river_01.png, size 512, height True (32), alpha True (0), water True, in 0.009000001
2025-12-23T17:48:23 51.722 INF LoadStamp D:/Asylum2.5/7 Days To Die/Data/Stamps/river_02.png, size 512, height True (32), alpha True (0), water True, in 0.008
2025-12-23T17:48:23 51.723 INF LoadStamp D:/Asylum2.5/7 Days To Die/Data/Stamps/rwg_tile_cap.png, size 150, height True (0), alpha True (0), water False, in 0
2025-12-23T17:48:23 51.724 INF LoadStamp D:/Asylum2.5/7 Days To Die/Data/Stamps/rwg_tile_corner.png, size 150, height True (0), alpha True (0), water False, in 0
2025-12-23T17:48:23 51.725 INF LoadStamp D:/Asylum2.5/7 Days To Die/Data/Stamps/rwg_tile_intersection.png, size 150, height True (0), alpha True (0), water False, in 0
2025-12-23T17:48:23 51.726 INF LoadStamp D:/Asylum2.5/7 Days To Die/Data/Stamps/rwg_tile_straight.png, size 150, height True (0), alpha True (0), water False, in 0
2025-12-23T17:48:23 51.726 INF LoadStamp D:/Asylum2.5/7 Days To Die/Data/Stamps/rwg_tile_t.png, size 150, height True (0), alpha True (0), water False, in 0
2025-12-23T17:48:23 51.727 INF LoadStamps in 0.273
2025-12-23T17:48:23 51.731 INF WorldGenerator:Generating South Zafemu Mountains: Time 0:00
2025-12-23T17:48:23 51.740 INF generateBiomeTiles start at 0.686, r=1ea0a7cf
2025-12-23T17:48:23 51.746 INF GenerateTerrainTiles start at 0.692, r=199b08b0
2025-12-23T17:48:23 51.751 INF GenerateBaseStamps start at 0.697, r=3f55ab10
2025-12-23T17:48:24 52.905 INF GenerateBaseStamps terrainBorderThread in 0.214
2025-12-23T17:48:25 53.390 INF GenerateBaseStamps biomeThreads in 0.698
2025-12-23T17:48:25 53.408 INF GenerateTerrainFromTiles plains, start at 2.354, r=3f55ab10
2025-12-23T17:48:25 53.432 INF GenerateTerrainFromTiles hills, start at 2.378, r=769aef17
2025-12-23T17:48:25 53.453 INF GenerateTerrainFromTiles mountains, start at 2.399, r=72e46a90
2025-12-23T17:48:25 53.477 INF WriteStampsToMaps start at 2.423, r=65e789f5
2025-12-23T17:48:25 53.478 INF DrawStampGroup c32 'Radiation Layer', count 0, in 0
2025-12-23T17:48:25 53.478 INF writeStampsToMaps rad in 0
2025-12-23T17:48:25 53.515 INF WriteStampsToMaps water #156 in 0.036
2025-12-23T17:48:25 53.653 INF DrawStampGroup c32 'Biome Layer', count 1050, in 0.175
2025-12-23T17:48:25 53.653 INF WriteStampsToMaps biome in 0.175
2025-12-23T17:48:25 53.665 INF WriteStampsToMaps end at 2.611, r=65e789f5
2025-12-23T17:48:26 54.873 INF LoadPrefabs 3618 of 4083 in 0.053
2025-12-23T17:48:30 58.909 INF [CustomTerrainRWG] Starting city placement - will ensure each biome gets a city
2025-12-23T17:48:30 58.938 INF [CustomTerrainRWG] Assigning citybig to wasteland biome (first township in this biome)
2025-12-23T17:48:30 58.994 INF [CustomTerrainRWG] Assigning city to wasteland biome (first township in this biome)
2025-12-23T17:48:30 59.028 INF [CustomTerrainRWG] Assigning wasteland_city to wasteland biome (first township in this biome)
2025-12-23T17:48:30 59.060 INF [CustomTerrainRWG] Assigning oldwest to desert biome (first township in this biome)
2025-12-23T17:48:30 59.087 INF [CustomTerrainRWG] Assigning bforest_town to burntForest biome (first township in this biome)
2025-12-23T17:48:30 59.108 INF [CustomTerrainRWG] Assigning town to wasteland biome (first township in this biome)
2025-12-23T17:48:30 59.143 INF [CustomTerrainRWG] Assigning bforest_countrytown to burntForest biome (first township in this biome)
2025-12-23T17:48:32 60.791 INF [CustomTerrainRWG] Assigning countrytown to wasteland biome (first township in this biome)
2025-12-23T17:48:32 60.836 INF [CustomTerrainRWG] Assigning forest_countrytown to forest biome (first township in this biome)
2025-12-23T17:48:33 61.869 INF [CustomTerrainRWG] Assigning sierra to snow biome (first township in this biome)
2025-12-23T17:48:33 61.893 INF [CustomTerrainRWG] Assigning sayil to desert biome (first township in this biome)
2025-12-23T17:48:33 61.912 INF [CustomTerrainRWG] Assigning rings to desert biome (first township in this biome)
2025-12-23T17:48:33 61.942 INF [CustomTerrainRWG] Assigning privair to desert biome (first township in this biome)
2025-12-23T17:48:33 61.964 INF [CustomTerrainRWG] Assigning reactor to wasteland biome (first township in this biome)
2025-12-23T17:48:33 61.990 INF [CustomTerrainRWG] Assigning racetracks to desert biome (first township in this biome)
2025-12-23T17:48:33 62.010 INF [CustomTerrainRWG] Assigning simonmd to snow biome (first township in this biome)
2025-12-23T17:48:33 62.033 INF [CustomTerrainRWG] Assigning research to snow biome (first township in this biome)
2025-12-23T17:48:33 62.054 INF [CustomTerrainRWG] Assigning steelaxe to desert biome (first township in this biome)
2025-12-23T17:48:33 62.078 INF [CustomTerrainRWG] Assigning vastprison to snow biome (first township in this biome)
2025-12-23T17:48:33 62.097 INF [CustomTerrainRWG] Assigning tesko to snow biome (first township in this biome)
2025-12-23T17:48:33 62.115 INF [CustomTerrainRWG] Assigning trebet1 to snow biome (first township in this biome)
2025-12-23T17:48:33 62.135 INF [CustomTerrainRWG] Assigning power to wasteland biome (first township in this biome)
2025-12-23T17:48:33 62.154 INF [CustomTerrainRWG] Assigning vault11 to desert biome (first township in this biome)
2025-12-23T17:48:33 62.174 INF [CustomTerrainRWG] Assigning vault92 to wasteland biome (first township in this biome)
2025-12-23T17:48:33 62.194 INF [CustomTerrainRWG] Assigning whiterun to snow biome (first township in this biome)
2025-12-23T17:48:33 62.213 INF [CustomTerrainRWG] Assigning woodbury to forest biome (first township in this biome)
2025-12-23T17:48:33 62.232 INF [CustomTerrainRWG] Assigning xfiles to desert biome (first township in this biome)
2025-12-23T17:48:33 62.252 INF [CustomTerrainRWG] Assigning steelprison to desert biome (first township in this biome)
2025-12-23T17:48:34 62.272 INF [CustomTerrainRWG] Assigning plastikrice to snow biome (first township in this biome)
2025-12-23T17:48:34 62.292 INF [CustomTerrainRWG] Assigning miningtown to desert biome (first township in this biome)
2025-12-23T17:48:34 62.311 INF [CustomTerrainRWG] Assigning ouchair to wasteland biome (first township in this biome)
2025-12-23T17:48:34 62.405 INF [CustomTerrainRWG] Assigning airouch to burntForest biome (first township in this biome)
2025-12-23T17:48:34 62.426 INF [CustomTerrainRWG] Assigning aqua to snow biome (first township in this biome)
2025-12-23T17:48:34 62.445 INF [CustomTerrainRWG] Assigning castlesimon to wasteland biome (first township in this biome)
2025-12-23T17:48:34 62.465 INF [CustomTerrainRWG] Assigning crashed to wasteland biome (first township in this biome)
2025-12-23T17:48:34 62.485 INF [CustomTerrainRWG] Assigning cross to desert biome (first township in this biome)
2025-12-23T17:48:34 62.507 INF [CustomTerrainRWG] Assigning crystal to snow biome (first township in this biome)
2025-12-23T17:48:34 62.528 INF [CustomTerrainRWG] Assigning dam to snow biome (first township in this biome)
2025-12-23T17:48:34 62.548 INF [CustomTerrainRWG] Assigning hernan to desert biome (first township in this biome)
2025-12-23T17:48:34 62.567 INF [CustomTerrainRWG] Assigning hilltop to forest biome (first township in this biome)
2025-12-23T17:48:34 62.586 INF [CustomTerrainRWG] Assigning itza to desert biome (first township in this biome)
2025-12-23T17:48:34 62.605 INF [CustomTerrainRWG] Assigning junk to wasteland biome (first township in this biome)
2025-12-23T17:48:34 62.625 INF [CustomTerrainRWG] Assigning limprison to wasteland biome (first township in this biome)
2025-12-23T17:48:34 62.646 INF [CustomTerrainRWG] Assigning mackprison to forest biome (first township in this biome)
2025-12-23T17:48:34 62.665 INF [CustomTerrainRWG] Assigning militia to wasteland biome (first township in this biome)
2025-12-23T17:48:34 62.686 INF [CustomTerrainRWG] Assigning minder to snow biome (first township in this biome)
2025-12-23T17:48:34 62.707 INF [CustomTerrainRWG] Assigning zuggies to desert biome (first township in this biome)
2025-12-23T17:48:34 62.728 INF [CustomTerrainRWG] Assigning nuketown to wasteland biome (first township in this biome)
2025-12-23T17:48:34 62.750 INF [CustomTerrainRWG] Assigning oil to desert biome (first township in this biome)
2025-12-23T17:48:34 62.772 INF [CustomTerrainRWG] Assigning overlook to snow biome (first township in this biome)
2025-12-23T17:48:34 62.794 INF [CustomTerrainRWG] Assigning zzranch to desert biome (first township in this biome)
2025-12-23T17:48:34 62.800 INF TownPlanner Plan 90 in 3.888
2025-12-23T17:48:34 62.801 INF TownPlanner forest has 15 townships, citybig 1, city 1, town 1, countrytown 2, forest_countrytown 3, woodbury 1, roadside 4, hilltop 1, mackprison 1
2025-12-23T17:48:34 62.801 INF TownPlanner burntForest has 11 townships, citybig 1, city 1, bforest_town 2, town 1, bforest_countrytown 1, roadside 4, airouch 1
2025-12-23T17:48:34 62.801 INF TownPlanner desert has 23 townships, city 1, oldwest 1, town 1, countrytown 1, sayil 1, rings 1, privair 1, racetracks 1, steelaxe 1, vault11 1, xfiles 1, steelprison 1, miningtown 1, roadside 4, cross 1, hernan 1, itza 1, zuggies 1, oil 1, zzranch 1
2025-12-23T17:48:34 62.801 INF TownPlanner snow has 18 townships, town 1, countrytown 1, sierra 1, simonmd 1, research 1, vastprison 1, tesko 1, trebet1 1, whiterun 1, plastikrice 1, roadside 3, aqua 1, crystal 1, dam 1, minder 1, overlook 1
2025-12-23T17:48:34 62.802 INF TownPlanner wasteland has 23 townships, citybig 1, city 1, wasteland_city 4, town 1, countrytown 2, reactor 1, power 1, vault92 1, ouchair 1, roadside 4, castlesimon 1, crashed 1, junk 1, limprison 1, militia 1, nuketown 1
2025-12-23T17:48:34 62.817 INF [RoadShapeFix] ========================================
2025-12-23T17:48:34 62.817 INF [RoadShapeFix] PLAN POSTFIX: Town planning complete, fixing road shape exits...
2025-12-23T17:48:34 62.817 INF [RoadShapeFix] ========================================
2025-12-23T17:48:34 62.818 INF [RoadShapeFix] Found 90 townships to process
2025-12-23T17:48:34 62.820 INF [RoadShapeFix] ========================================
2025-12-23T17:48:34 62.820 INF [RoadShapeFix] PLAN POSTFIX SUMMARY:
2025-12-23T17:48:34 62.820 INF [RoadShapeFix] Fixed 42 out of 846 street tiles
2025-12-23T17:48:34 62.821 INF [RoadShapeFix] Intersections changed to other shapes: 0
2025-12-23T17:48:34 62.821 INF [RoadShapeFix] Shape distribution:
2025-12-23T17:48:34 62.821 INF [RoadShapeFix]   Straights: 31
2025-12-23T17:48:34 62.821 INF [RoadShapeFix]   T-junctions: 151
2025-12-23T17:48:34 62.821 INF [RoadShapeFix]   Intersections: 326
2025-12-23T17:48:34 62.821 INF [RoadShapeFix]   Caps: 67
2025-12-23T17:48:34 62.821 INF [RoadShapeFix]   Corners: 132
2025-12-23T17:48:34 62.822 INF [RoadShapeFix] Plan postfix complete!
2025-12-23T17:48:34 62.822 INF [RoadShapeFix] ========================================
2025-12-23T17:48:36 64.687 INF generateTerrainFeature lake in 0.006
2025-12-23T17:48:36 64.692 INF generateTerrainFeature river in 0.004
2025-12-23T17:48:36 64.697 INF generateTerrainFeature canyon in 0.004
2025-12-23T17:48:36 64.703 INF generateTerrainFeature crater in 0.004
2025-12-23T17:48:36 64.821 INF DrawWaterStampGroup 'Water Layer', count 17, in 0.117
2025-12-23T17:48:36 64.850 INF DrawStampGroup 'Lower Layer', count 18, in 0.146
2025-12-23T17:48:43 71.582 INF DrawStampGroup 'Top Layer', count 2290, in 6.732
2025-12-23T17:48:43 71.672 INF WaterToMap last #17 in 0.051
2025-12-23T17:48:43 71.689 INF GenerateTerrainLast done in 7.009, r=3d2909af
2025-12-23T17:48:52 80.540 INF POISmoother SmoothStreetTiles in 5.079
2025-12-23T17:49:07 95.324 INF WildernessPlanner Plan 1229 prefabs spawned, in 14.761, retries 308, r=3d2909af
2025-12-23T17:49:07 95.658 INF Smooth Wilderness Terrain in 0.316, r=3d2909af
2025-12-23T17:49:18 106.298 INF HighwayPlanner Plan townships in 10.587
2025-12-23T17:49:18 106.319 WRN HighwayPlanner gateway has only 1 connections , rwg_tile_{0}cap
2025-12-23T17:49:18 106.319 WRN HighwayPlanner gateway has only 1 connections , rwg_tile_{0}cap
2025-12-23T17:49:18 106.348 WRN HighwayPlanner gateway has only 1 connections , rwg_tile_{0}cap
2025-12-23T17:49:18 106.386 WRN HighwayPlanner gateway has only 1 connections , rwg_tile_{0}cap
2025-12-23T17:49:18 106.440 WRN HighwayPlanner gateway has only 1 connections , rwg_tile_{0}cap
2025-12-23T17:49:18 106.506 WRN HighwayPlanner gateway has only 1 connections , rwg_tile_{0}cap
2025-12-23T17:49:18 106.534 WRN HighwayPlanner gateway has only 1 connections , rwg_tile_{0}cap
2025-12-23T17:49:18 106.577 WRN HighwayPlanner gateway has only 1 connections , rwg_tile_{0}cap
2025-12-23T17:49:18 106.626 WRN HighwayPlanner gateway has only 1 connections , rwg_tile_{0}cap
2025-12-23T17:49:18 106.654 INF HighwayPlanner cleanupHighwayConnections in 0.354, r=3d2909af
2025-12-23T17:49:19 107.622 INF HighwayPlanner runTownshipDirtRoads #0 unused exits c293 in 0.952, r=3d2909af
2025-12-23T17:49:22 110.286 INF HighwayPlanner runTownshipDirtRoads #1 unused exits c365 in 2.647, r=3d2909af
2025-12-23T17:49:24 113.141 INF HighwayPlanner runTownshipDirtRoads #2 unused exits c410 in 2.838, r=3d2909af
2025-12-23T17:49:27 115.376 INF HighwayPlanner runTownshipDirtRoads #3 unused exits c341 in 2.217, r=3d2909af
2025-12-23T17:49:27 115.409 INF HighwayPlanner runTownshipDirtRoads #4 unused exits c131 in 0.015, r=3d2909af
2025-12-23T17:49:29 117.928 INF HighwayPlanner runTownshipDirtRoads #5 unused exits c254 in 2.504, r=3d2909af
2025-12-23T17:49:31 120.146 INF HighwayPlanner runTownshipDirtRoads #6 unused exits c310 in 2.199, r=3d2909af
2025-12-23T17:49:33 122.164 INF HighwayPlanner runTownshipDirtRoads #7 unused exits c310 in 1.999, r=3d2909af
2025-12-23T17:49:37 126.150 INF HighwayPlanner runTownshipDirtRoads #8 unused exits c394 in 3.969, r=3d2909af
2025-12-23T17:49:41 129.291 INF HighwayPlanner runTownshipDirtRoads #9 unused exits c382 in 3.124, r=3d2909af
2025-12-23T17:49:42 130.490 INF HighwayPlanner runTownshipDirtRoads #10 unused exits c395 in 1.181, r=3d2909af
2025-12-23T17:49:42 130.898 INF HighwayPlanner runTownshipDirtRoads #11 unused exits c164 in 0.39, r=3d2909af
2025-12-23T17:49:42 130.979 INF HighwayPlanner runTownshipDirtRoads #12 unused exits c152 in 0.064, r=3d2909af
2025-12-23T17:49:47 135.475 INF HighwayPlanner runTownshipDirtRoads #13 unused exits c464 in 4.471, r=3d2909af
2025-12-23T17:49:47 135.520 INF HighwayPlanner runTownshipDirtRoads #14 unused exits c72 in 0.025, r=3d2909af
2025-12-23T17:49:47 135.568 INF HighwayPlanner runTownshipDirtRoads #15 unused exits c65 in 0.031, r=3d2909af
2025-12-23T17:49:49 137.391 INF HighwayPlanner runTownshipDirtRoads #16 unused exits c291 in 1.807, r=3d2909af
2025-12-23T17:49:51 139.846 INF HighwayPlanner runTownshipDirtRoads #17 unused exits c338 in 2.437, r=3d2909af
2025-12-23T17:49:53 141.865 INF HighwayPlanner runTownshipDirtRoads #18 unused exits c321 in 2.002, r=3d2909af
2025-12-23T17:49:56 144.825 INF HighwayPlanner runTownshipDirtRoads #19 unused exits c348 in 2.941, r=3d2909af
2025-12-23T17:49:59 147.330 INF HighwayPlanner runTownshipDirtRoads #20 unused exits c317 in 2.486, r=3d2909af
2025-12-23T17:49:59 147.675 INF HighwayPlanner runTownshipDirtRoads #21 unused exits c198 in 0.326, r=3d2909af
2025-12-23T17:50:03 151.394 INF HighwayPlanner runTownshipDirtRoads #22 unused exits c403 in 3.704, r=3d2909af
2025-12-23T17:50:04 152.500 INF HighwayPlanner runTownshipDirtRoads #23 unused exits c350 in 1.088, r=3d2909af
2025-12-23T17:50:04 152.563 INF HighwayPlanner runTownshipDirtRoads #24 unused exits c116 in 0.045, r=3d2909af
2025-12-23T17:50:04 152.587 INF HighwayPlanner runTownshipDirtRoads #25 unused exits c141 in 0.003, r=3d2909af
2025-12-23T17:50:06 154.938 INF HighwayPlanner runTownshipDirtRoads #26 unused exits c352 in 2.333, r=3d2909af
2025-12-23T17:50:07 155.425 INF HighwayPlanner runTownshipDirtRoads #27 unused exits c145 in 0.47, r=3d2909af
2025-12-23T17:50:07 155.468 INF HighwayPlanner runTownshipDirtRoads #28 unused exits c60 in 0.025, r=3d2909af
2025-12-23T17:50:11 159.269 INF HighwayPlanner runTownshipDirtRoads #29 unused exits c460 in 3.785, r=3d2909af
2025-12-23T17:50:11 159.820 INF HighwayPlanner runTownshipDirtRoads #30 unused exits c214 in 0.5330001, r=3d2909af
2025-12-23T17:50:13 161.999 INF HighwayPlanner runTownshipDirtRoads #31 unused exits c295 in 2.162, r=3d2909af
2025-12-23T17:50:13 162.024 INF HighwayPlanner runTownshipDirtRoads #32 unused exits c76 in 0.008, r=3d2909af
2025-12-23T17:50:13 162.067 INF HighwayPlanner runTownshipDirtRoads #33 unused exits c135 in 0.027, r=3d2909af
2025-12-23T17:50:14 162.315 INF HighwayPlanner runTownshipDirtRoads #34 unused exits c168 in 0.234, r=3d2909af
2025-12-23T17:50:14 162.332 INF HighwayPlanner runTownshipDirtRoads #35 unused exits c96 in 0.002, r=3d2909af
2025-12-23T17:50:15 163.429 INF HighwayPlanner runTownshipDirtRoads #36 unused exits c400 in 1.075, r=3d2909af
2025-12-23T17:50:17 165.800 INF HighwayPlanner runTownshipDirtRoads #37 unused exits c279 in 2.356, r=3d2909af
2025-12-23T17:50:17 165.819 INF HighwayPlanner runTownshipDirtRoads #38 unused exits c54 in 0, r=3d2909af
2025-12-23T17:50:20 168.544 INF HighwayPlanner runTownshipDirtRoads #39 unused exits c328 in 2.705, r=3d2909af
2025-12-23T17:50:21 170.156 INF HighwayPlanner runTownshipDirtRoads #40 unused exits c286 in 1.593, r=3d2909af
2025-12-23T17:50:24 172.675 INF HighwayPlanner runTownshipDirtRoads #41 unused exits c236 in 2.503, r=3d2909af
2025-12-23T17:50:24 172.675 INF HighwayPlanner runTownshipDirtRoads, countryTownships 42, in 66.02, r=3d2909af
2025-12-23T17:50:24 172.676 INF HighwayPlanner Plan in 76.965, r=3d2909af
2025-12-23T17:50:24 172.676 INF [RoadShapeFix] ========================================
2025-12-23T17:50:24 172.676 INF [RoadShapeFix] HIGHWAYPLANNER POSTFIX: Highway planning complete
2025-12-23T17:50:24 172.676 INF [RoadShapeFix] Fixing exits after HighwayPlanner modifications...
2025-12-23T17:50:24 172.676 INF [RoadShapeFix] ========================================
2025-12-23T17:50:24 172.676 INF [RoadShapeFix] === POST-HIGHWAY ANALYSIS ===
2025-12-23T17:50:24 172.677 INF [RoadShapeFix] Total townships: 90
2025-12-23T17:50:24 172.677 INF [RoadShapeFix] --- Township 1: 79 tiles ---
2025-12-23T17:50:24 172.677 INF [RoadShapeFix] === Analyzing tile at 27, 67 in rural ===
2025-12-23T17:50:24 172.677 INF [RoadShapeFix]   Current exits: 15 (intersection)
2025-12-23T17:50:24 172.678 INF [RoadShapeFix]   North: Neighbor at 27, 68, SameTownship=True, InStreets=True, District=residential
2025-12-23T17:50:24 172.678 INF [RoadShapeFix]   North: EXIT CREATED
2025-12-23T17:50:24 172.678 INF [RoadShapeFix]   East: Neighbor at 28, 67, SameTownship=True, InStreets=True, District=residential
2025-12-23T17:50:24 172.678 INF [RoadShapeFix]   East: EXIT CREATED
2025-12-23T17:50:24 172.678 INF [RoadShapeFix]   South: Neighbor at 27, 66, SameTownship=True, InStreets=True, District=rural
2025-12-23T17:50:24 172.678 INF [RoadShapeFix]   South: EXIT CREATED
2025-12-23T17:50:24 172.679 INF [RoadShapeFix]   West: Neighbor at 26, 67, SameTownship=True, InStreets=True, District=rural
2025-12-23T17:50:24 172.679 INF [RoadShapeFix]   West: EXIT CREATED
2025-12-23T17:50:24 172.679 INF [RoadShapeFix]   New exits: 15 (intersection)
2025-12-23T17:50:24 172.679 INF [RoadShapeFix] Tile 1/79: No change needed at 27, 67 in rural
2025-12-23T17:50:24 172.679 INF [RoadShapeFix] === Analyzing tile at 26, 67 in rural ===
2025-12-23T17:50:24 172.679 INF [RoadShapeFix]   Current exits: 11 (unknown(11))
2025-12-23T17:50:24 172.680 INF [RoadShapeFix]   North: Neighbor at 26, 68, SameTownship=True, InStreets=True, District=residential
2025-12-23T17:50:24 172.680 INF [RoadShapeFix]   North: EXIT CREATED
2025-12-23T17:50:24 172.680 INF [RoadShapeFix]   East: Neighbor at 27, 67, SameTownship=True, InStreets=True, District=rural
2025-12-23T17:50:24 172.680 INF [RoadShapeFix]   East: EXIT CREATED
2025-12-23T17:50:24 172.680 INF [RoadShapeFix]   South: Neighbor at 26, 66, SameTownship=False, InStreets=False, District=wilderness
2025-12-23T17:50:24 172.680 INF [RoadShapeFix]   West: Neighbor at 25, 67, SameTownship=True, InStreets=True, District=rural
2025-12-23T17:50:24 172.680 INF [RoadShapeFix]   West: EXIT CREATED
2025-12-23T17:50:24 172.680 INF [RoadShapeFix]   New exits: 11 (unknown(11))
2025-12-23T17:50:24 172.681 INF [RoadShapeFix] Tile 2/79: No change needed at 26, 67 in rural
2025-12-23T17:50:24 172.681 INF [RoadShapeFix] === Analyzing tile at 25, 67 in rural ===
2025-12-23T17:50:24 172.681 INF [RoadShapeFix]   Current exits: 7 (t)
2025-12-23T17:50:24 172.681 INF [RoadShapeFix]   North: Neighbor at 25, 68, SameTownship=True, InStreets=True, District=rural
2025-12-23T17:50:24 172.681 INF [RoadShapeFix]   North: EXIT CREATED
2025-12-23T17:50:24 172.682 INF [RoadShapeFix]   East: Neighbor at 26, 67, SameTownship=True, InStreets=True, District=rural
2025-12-23T17:50:24 172.682 INF [RoadShapeFix]   East: EXIT CREATED
2025-12-23T17:50:24 172.682 INF [RoadShapeFix]   South: Neighbor at 25, 66, SameTownship=True, InStreets=True, District=gateway
2025-12-23T17:50:24 172.682 INF [RoadShapeFix]   South: EXIT CREATED
2025-12-23T17:50:24 172.682 INF [RoadShapeFix]   West: Neighbor at 24, 67, SameTownship=False, InStreets=False, District=null
2025-12-23T17:50:24 172.682 INF [RoadShapeFix]   New exits: 7 (t)
2025-12-23T17:50:24 172.682 INF [RoadShapeFix] Tile 3/79: No change needed at 25, 67 in rural
2025-12-23T17:50:24 172.683 INF [RoadShapeFix] --- Township 2: 81 tiles ---
2025-12-23T17:50:24 172.683 INF [RoadShapeFix] === Analyzing tile at 42, 39 in rural ===
2025-12-23T17:50:24 172.683 INF [RoadShapeFix]   Current exits: 7 (t)
2025-12-23T17:50:24 172.683 INF [RoadShapeFix]   North: Neighbor at 42, 40, SameTownship=True, InStreets=True, District=rural
2025-12-23T17:50:24 172.683 INF [RoadShapeFix]   North: EXIT CREATED
2025-12-23T17:50:24 172.683 INF [RoadShapeFix]   East: Neighbor at 43, 39, SameTownship=True, InStreets=True, District=commercial
2025-12-23T17:50:24 172.684 INF [RoadShapeFix]   East: EXIT CREATED
2025-12-23T17:50:24 172.684 INF [RoadShapeFix]   South: Neighbor at 42, 38, SameTownship=True, InStreets=True, District=rural
2025-12-23T17:50:24 172.684 INF [RoadShapeFix]   South: EXIT CREATED
2025-12-23T17:50:24 172.684 INF [RoadShapeFix]   West: Neighbor at 41, 39, SameTownship=False, InStreets=False, District=null
2025-12-23T17:50:24 172.684 INF [RoadShapeFix]   New exits: 7 (t)
2025-12-23T17:50:24 172.684 INF [RoadShapeFix] Tile 1/81: No change needed at 42, 39 in rural
2025-12-23T17:50:24 172.685 INF [RoadShapeFix] === Analyzing tile at 42, 40 in rural ===
2025-12-23T17:50:24 172.685 INF [RoadShapeFix]   Current exits: 15 (intersection)
2025-12-23T17:50:24 172.685 INF [RoadShapeFix]   North: Neighbor at 42, 41, SameTownship=True, InStreets=True, District=commercial
2025-12-23T17:50:24 172.685 INF [RoadShapeFix]   North: EXIT CREATED
2025-12-23T17:50:24 172.685 INF [RoadShapeFix]   East: Neighbor at 43, 40, SameTownship=True, InStreets=True, District=commercial
2025-12-23T17:50:24 172.685 INF [RoadShapeFix]   East: EXIT CREATED
2025-12-23T17:50:24 172.685 INF [RoadShapeFix]   South: Neighbor at 42, 39, SameTownship=True, InStreets=True, District=rural
2025-12-23T17:50:24 172.686 INF [RoadShapeFix]   South: EXIT CREATED
2025-12-23T17:50:24 172.686 INF [RoadShapeFix]   West: Neighbor at 41, 40, SameTownship=True, InStreets=True, District=rural
2025-12-23T17:50:24 172.686 INF [RoadShapeFix]   West: EXIT CREATED
2025-12-23T17:50:24 172.687 INF [RoadShapeFix]   New exits: 15 (intersection)
2025-12-23T17:50:24 172.687 INF [RoadShapeFix] Tile 2/81: No change needed at 42, 40 in rural
2025-12-23T17:50:24 172.687 INF [RoadShapeFix] === Analyzing tile at 42, 42 in rural ===
2025-12-23T17:50:24 172.688 INF [RoadShapeFix]   Current exits: 15 (intersection)
2025-12-23T17:50:24 172.688 INF [RoadShapeFix]   North: Neighbor at 42, 43, SameTownship=True, InStreets=True, District=rural
2025-12-23T17:50:24 172.688 INF [RoadShapeFix]   North: EXIT CREATED
2025-12-23T17:50:24 172.688 INF [RoadShapeFix]   East: Neighbor at 43, 42, SameTownship=True, InStreets=True, District=commercial
2025-12-23T17:50:24 172.688 INF [RoadShapeFix]   East: EXIT CREATED
2025-12-23T17:50:24 172.688 INF [RoadShapeFix]   South: Neighbor at 42, 41, SameTownship=True, InStreets=True, District=commercial
2025-12-23T17:50:24 172.688 INF [RoadShapeFix]   South: EXIT CREATED
2025-12-23T17:50:24 172.689 INF [RoadShapeFix]   West: Neighbor at 41, 42, SameTownship=True, InStreets=True, District=rural
2025-12-23T17:50:24 172.689 INF [RoadShapeFix]   West: EXIT CREATED
2025-12-23T17:50:24 172.689 INF [RoadShapeFix]   New exits: 15 (intersection)
2025-12-23T17:50:24 172.689 INF [RoadShapeFix] Tile 3/81: No change needed at 42, 42 in rural
2025-12-23T17:50:24 172.689 INF [RoadShapeFix] --- Township 3: 81 tiles ---
2025-12-23T17:50:24 172.689 INF [RoadShapeFix] === Analyzing tile at 63, 46 in rural ===
2025-12-23T17:50:24 172.690 INF [RoadShapeFix]   Current exits: 15 (intersection)
2025-12-23T17:50:24 172.690 INF [RoadShapeFix]   North: Neighbor at 63, 47, SameTownship=True, InStreets=True, District=commercial
2025-12-23T17:50:24 172.690 INF [RoadShapeFix]   North: EXIT CREATED
2025-12-23T17:50:24 172.690 INF [RoadShapeFix]   East: Neighbor at 64, 46, SameTownship=True, InStreets=True, District=commercial
2025-12-23T17:50:24 172.690 INF [RoadShapeFix]   East: EXIT CREATED
2025-12-23T17:50:24 172.690 INF [RoadShapeFix]   South: Neighbor at 63, 45, SameTownship=True, InStreets=True, District=rural
2025-12-23T17:50:24 172.691 INF [RoadShapeFix]   South: EXIT CREATED
2025-12-23T17:50:24 172.691 INF [RoadShapeFix]   West: Neighbor at 62, 46, SameTownship=True, InStreets=True, District=residential
2025-12-23T17:50:24 172.691 INF [RoadShapeFix]   West: EXIT CREATED
2025-12-23T17:50:24 172.691 INF [RoadShapeFix]   New exits: 15 (intersection)
2025-12-23T17:50:24 172.691 INF [RoadShapeFix] Tile 1/81: No change needed at 63, 46 in rural
2025-12-23T17:50:24 172.691 INF [RoadShapeFix] === Analyzing tile at 61, 46 in rural ===
2025-12-23T17:50:24 172.692 INF [RoadShapeFix]   Current exits: 15 (intersection)
2025-12-23T17:50:24 172.692 INF [RoadShapeFix]   North: Neighbor at 61, 47, SameTownship=True, InStreets=True, District=residential
2025-12-23T17:50:24 172.692 INF [RoadShapeFix]   North: EXIT CREATED
2025-12-23T17:50:24 172.692 INF [RoadShapeFix]   East: Neighbor at 62, 46, SameTownship=True, InStreets=True, District=residential
2025-12-23T17:50:24 172.692 INF [RoadShapeFix]   East: EXIT CREATED
2025-12-23T17:50:24 172.692 INF [RoadShapeFix]   South: Neighbor at 61, 45, SameTownship=True, InStreets=True, District=rural
2025-12-23T17:50:24 172.692 INF [RoadShapeFix]   South: EXIT CREATED
2025-12-23T17:50:24 172.692 INF [RoadShapeFix]   West: Neighbor at 60, 46, SameTownship=True, InStreets=True, District=residential
2025-12-23T17:50:24 172.693 INF [RoadShapeFix]   West: EXIT CREATED
2025-12-23T17:50:24 172.693 INF [RoadShapeFix]   New exits: 15 (intersection)
2025-12-23T17:50:24 172.693 INF [RoadShapeFix] Tile 2/81: No change needed at 61, 46 in rural
2025-12-23T17:50:24 172.693 INF [RoadShapeFix] === Analyzing tile at 66, 46 in rural ===
2025-12-23T17:50:24 172.693 INF [RoadShapeFix]   Current exits: 15 (intersection)
2025-12-23T17:50:24 172.693 INF [RoadShapeFix]   North: Neighbor at 66, 47, SameTownship=True, InStreets=True, District=commercial
2025-12-23T17:50:24 172.693 INF [RoadShapeFix]   North: EXIT CREATED
2025-12-23T17:50:24 172.694 INF [RoadShapeFix]   East: Neighbor at 67, 46, SameTownship=True, InStreets=True, District=rural
2025-12-23T17:50:24 172.694 INF [RoadShapeFix]   East: EXIT CREATED
2025-12-23T17:50:24 172.694 INF [RoadShapeFix]   South: Neighbor at 66, 45, SameTownship=True, InStreets=True, District=rural
2025-12-23T17:50:24 172.694 INF [RoadShapeFix]   South: EXIT CREATED
2025-12-23T17:50:24 172.694 INF [RoadShapeFix]   West: Neighbor at 65, 46, SameTownship=True, InStreets=True, District=commercial
2025-12-23T17:50:24 172.694 INF [RoadShapeFix]   West: EXIT CREATED
2025-12-23T17:50:24 172.695 INF [RoadShapeFix]   New exits: 15 (intersection)
2025-12-23T17:50:24 172.695 INF [RoadShapeFix] Tile 3/81: No change needed at 66, 46 in rural
2025-12-23T17:50:24 172.695 INF [RoadShapeFix] --- Township 4: 39 tiles ---
2025-12-23T17:50:24 172.695 INF [RoadShapeFix] === Analyzing tile at 73, 73 in rural ===
2025-12-23T17:50:24 172.695 INF [RoadShapeFix]   Current exits: 15 (intersection)
2025-12-23T17:50:24 172.696 INF [RoadShapeFix]   North: Neighbor at 73, 74, SameTownship=True, InStreets=True, District=rural
2025-12-23T17:50:24 172.696 INF [RoadShapeFix]   North: EXIT CREATED
2025-12-23T17:50:24 172.696 INF [RoadShapeFix]   East: Neighbor at 74, 73, SameTownship=True, InStreets=True, District=rural
2025-12-23T17:50:24 172.696 INF [RoadShapeFix]   East: EXIT CREATED
2025-12-23T17:50:24 172.696 INF [RoadShapeFix]   South: Neighbor at 73, 72, SameTownship=True, InStreets=True, District=commercial
2025-12-23T17:50:24 172.696 INF [RoadShapeFix]   South: EXIT CREATED
2025-12-23T17:50:24 172.697 INF [RoadShapeFix]   West: Neighbor at 72, 73, SameTownship=True, InStreets=True, District=residential
2025-12-23T17:50:24 172.697 INF [RoadShapeFix]   West: EXIT CREATED
2025-12-23T17:50:24 172.697 INF [RoadShapeFix]   New exits: 15 (intersection)
2025-12-23T17:50:24 172.697 INF [RoadShapeFix] Tile 1/39: No change needed at 73, 73 in rural
2025-12-23T17:50:24 172.698 INF [RoadShapeFix] === Analyzing tile at 71, 73 in rural ===
2025-12-23T17:50:24 172.698 INF [RoadShapeFix]   Current exits: 15 (intersection)
2025-12-23T17:50:24 172.698 INF [RoadShapeFix]   North: Neighbor at 71, 74, SameTownship=True, InStreets=True, District=rural
2025-12-23T17:50:24 172.698 INF [RoadShapeFix]   North: EXIT CREATED
2025-12-23T17:50:24 172.698 INF [RoadShapeFix]   East: Neighbor at 72, 73, SameTownship=True, InStreets=True, District=residential
2025-12-23T17:50:24 172.699 INF [RoadShapeFix]   East: EXIT CREATED
2025-12-23T17:50:24 172.699 INF [RoadShapeFix]   South: Neighbor at 71, 72, SameTownship=True, InStreets=True, District=residential
2025-12-23T17:50:24 172.699 INF [RoadShapeFix]   South: EXIT CREATED
2025-12-23T17:50:24 172.699 INF [RoadShapeFix]   West: Neighbor at 70, 73, SameTownship=True, InStreets=True, District=rural
2025-12-23T17:50:24 172.699 INF [RoadShapeFix]   West: EXIT CREATED
2025-12-23T17:50:24 172.699 INF [RoadShapeFix]   New exits: 15 (intersection)
2025-12-23T17:50:24 172.700 INF [RoadShapeFix] Tile 2/39: No change needed at 71, 73 in rural
2025-12-23T17:50:24 172.700 INF [RoadShapeFix] === Analyzing tile at 70, 71 in rural ===
2025-12-23T17:50:24 172.700 INF [RoadShapeFix]   Current exits: 15 (intersection)
2025-12-23T17:50:24 172.700 INF [RoadShapeFix]   North: Neighbor at 70, 72, SameTownship=True, InStreets=True, District=rural
2025-12-23T17:50:24 172.700 INF [RoadShapeFix]   North: EXIT CREATED
2025-12-23T17:50:24 172.700 INF [RoadShapeFix]   East: Neighbor at 71, 71, SameTownship=True, InStreets=True, District=littleasia
2025-12-23T17:50:24 172.701 INF [RoadShapeFix]   East: EXIT CREATED
2025-12-23T17:50:24 172.701 INF [RoadShapeFix]   South: Neighbor at 70, 70, SameTownship=True, InStreets=True, District=rural
2025-12-23T17:50:24 172.701 INF [RoadShapeFix]   South: EXIT CREATED
2025-12-23T17:50:24 172.701 INF [RoadShapeFix]   West: Neighbor at 69, 71, SameTownship=True, InStreets=True, District=gateway
2025-12-23T17:50:24 172.701 INF [RoadShapeFix]   West: EXIT CREATED
2025-12-23T17:50:24 172.701 INF [RoadShapeFix]   New exits: 15 (intersection)
2025-12-23T17:50:24 172.701 INF [RoadShapeFix] Tile 3/39: No change needed at 70, 71 in rural
2025-12-23T17:50:24 172.702 INF [RoadShapeFix] --- Township 5: 39 tiles ---
2025-12-23T17:50:24 172.702 INF [RoadShapeFix] === Analyzing tile at 39, 28 in rural ===
2025-12-23T17:50:24 172.702 INF [RoadShapeFix]   Current exits: 15 (intersection)
2025-12-23T17:50:24 172.702 INF [RoadShapeFix]   North: Neighbor at 39, 29, SameTownship=True, InStreets=True, District=commercial
2025-12-23T17:50:24 172.702 INF [RoadShapeFix]   North: EXIT CREATED
2025-12-23T17:50:24 172.703 INF [RoadShapeFix]   East: Neighbor at 40, 28, SameTownship=True, InStreets=True, District=rural
2025-12-23T17:50:24 172.703 INF [RoadShapeFix]   East: EXIT CREATED
2025-12-23T17:50:24 172.703 INF [RoadShapeFix]   South: Neighbor at 39, 27, SameTownship=True, InStreets=True, District=rural
2025-12-23T17:50:24 172.703 INF [RoadShapeFix]   South: EXIT CREATED
2025-12-23T17:50:24 172.703 INF [RoadShapeFix]   West: Neighbor at 38, 28, SameTownship=True, InStreets=True, District=residential
2025-12-23T17:50:24 172.704 INF [RoadShapeFix]   West: EXIT CREATED
2025-12-23T17:50:24 172.704 INF [RoadShapeFix]   New exits: 15 (intersection)
2025-12-23T17:50:24 172.704 INF [RoadShapeFix] Tile 1/39: No change needed at 39, 28 in rural
2025-12-23T17:50:24 172.704 INF [RoadShapeFix] === Analyzing tile at 37, 28 in rural ===
2025-12-23T17:50:24 172.704 INF [RoadShapeFix]   Current exits: 15 (intersection)
2025-12-23T17:50:24 172.704 INF [RoadShapeFix]   North: Neighbor at 37, 29, SameTownship=True, InStreets=True, District=residential
2025-12-23T17:50:24 172.705 INF [RoadShapeFix]   North: EXIT CREATED
2025-12-23T17:50:24 172.705 INF [RoadShapeFix]   East: Neighbor at 38, 28, SameTownship=True, InStreets=True, District=residential
2025-12-23T17:50:24 172.705 INF [RoadShapeFix]   East: EXIT CREATED
2025-12-23T17:50:24 172.705 INF [RoadShapeFix]   South: Neighbor at 37, 27, SameTownship=True, InStreets=True, District=rural
2025-12-23T17:50:24 172.705 INF [RoadShapeFix]   South: EXIT CREATED
2025-12-23T17:50:24 172.706 INF [RoadShapeFix]   West: Neighbor at 36, 28, SameTownship=True, InStreets=True, District=rural
2025-12-23T17:50:24 172.706 INF [RoadShapeFix]   West: EXIT CREATED
2025-12-23T17:50:24 172.706 INF [RoadShapeFix]   New exits: 15 (intersection)
2025-12-23T17:50:24 172.706 INF [RoadShapeFix] Tile 2/39: No change needed at 37, 28 in rural
2025-12-23T17:50:24 172.706 INF [RoadShapeFix] === Analyzing tile at 39, 31 in rural ===
2025-12-23T17:50:24 172.706 INF [RoadShapeFix]   Current exits: 15 (intersection)
2025-12-23T17:50:24 172.707 INF [RoadShapeFix]   North: Neighbor at 39, 32, SameTownship=True, InStreets=True, District=rural
2025-12-23T17:50:24 172.707 INF [RoadShapeFix]   North: EXIT CREATED
2025-12-23T17:50:24 172.707 INF [RoadShapeFix]   East: Neighbor at 40, 31, SameTownship=True, InStreets=True, District=rural
2025-12-23T17:50:24 172.707 INF [RoadShapeFix]   East: EXIT CREATED
2025-12-23T17:50:24 172.707 INF [RoadShapeFix]   South: Neighbor at 39, 30, SameTownship=True, InStreets=True, District=commercial
2025-12-23T17:50:24 172.708 INF [RoadShapeFix]   South: EXIT CREATED
2025-12-23T17:50:24 172.708 INF [RoadShapeFix]   West: Neighbor at 38, 31, SameTownship=True, InStreets=True, District=industrial
2025-12-23T17:50:24 172.708 INF [RoadShapeFix]   West: EXIT CREATED
2025-12-23T17:50:24 172.708 INF [RoadShapeFix]   New exits: 15 (intersection)
2025-12-23T17:50:24 172.708 INF [RoadShapeFix] Tile 3/39: No change needed at 39, 31 in rural
2025-12-23T17:50:24 172.708 INF [RoadShapeFix] --- Township 6: 39 tiles ---
2025-12-23T17:50:24 172.708 INF [RoadShapeFix] === Analyzing tile at 63, 31 in rural ===
2025-12-23T17:50:24 172.709 INF [RoadShapeFix]   Current exits: 15 (intersection)
2025-12-23T17:50:24 172.709 INF [RoadShapeFix]   North: Neighbor at 63, 32, SameTownship=True, InStreets=True, District=rural
2025-12-23T17:50:24 172.709 INF [RoadShapeFix]   North: EXIT CREATED
2025-12-23T17:50:24 172.709 INF [RoadShapeFix]   East: Neighbor at 64, 31, SameTownship=True, InStreets=True, District=rural
2025-12-23T17:50:24 172.709 INF [RoadShapeFix]   East: EXIT CREATED
2025-12-23T17:50:24 172.710 INF [RoadShapeFix]   South: Neighbor at 63, 30, SameTownship=True, InStreets=True, District=commercial
2025-12-23T17:50:24 172.710 INF [RoadShapeFix]   South: EXIT CREATED
2025-12-23T17:50:24 172.710 INF [RoadShapeFix]   West: Neighbor at 62, 31, SameTownship=True, InStreets=True, District=industrial
2025-12-23T17:50:24 172.710 INF [RoadShapeFix]   West: EXIT CREATED
2025-12-23T17:50:24 172.710 INF [RoadShapeFix]   New exits: 15 (intersection)
2025-12-23T17:50:24 172.710 INF [RoadShapeFix] Tile 1/39: No change needed at 63, 31 in rural
2025-12-23T17:50:24 172.710 INF [RoadShapeFix] === Analyzing tile at 60, 29 in rural ===
2025-12-23T17:50:24 172.711 INF [RoadShapeFix]   Current exits: 15 (intersection)
2025-12-23T17:50:24 172.711 INF [RoadShapeFix]   North: Neighbor at 60, 30, SameTownship=True, InStreets=True, District=industrial
2025-12-23T17:50:24 172.711 INF [RoadShapeFix]   North: EXIT CREATED
2025-12-23T17:50:24 172.711 INF [RoadShapeFix]   East: Neighbor at 61, 29, SameTownship=True, InStreets=True, District=commercial
2025-12-23T17:50:24 172.711 INF [RoadShapeFix]   East: EXIT CREATED
2025-12-23T17:50:24 172.711 INF [RoadShapeFix]   South: Neighbor at 60, 28, SameTownship=True, InStreets=True, District=rural
2025-12-23T17:50:24 172.711 INF [RoadShapeFix]   South: EXIT CREATED
2025-12-23T17:50:24 172.712 INF [RoadShapeFix]   West: Neighbor at 59, 29, SameTownship=True, InStreets=True, District=rural
2025-12-23T17:50:24 172.712 INF [RoadShapeFix]   West: EXIT CREATED
2025-12-23T17:50:24 172.712 INF [RoadShapeFix]   New exits: 15 (intersection)
2025-12-23T17:50:24 172.712 INF [RoadShapeFix] Tile 2/39: No change needed at 60, 29 in rural
2025-12-23T17:50:24 172.712 INF [RoadShapeFix] === Analyzing tile at 60, 31 in rural ===
2025-12-23T17:50:24 172.712 INF [RoadShapeFix]   Current exits: 15 (intersection)
2025-12-23T17:50:24 172.712 INF [RoadShapeFix]   North: Neighbor at 60, 32, SameTownship=True, InStreets=True, District=rural
2025-12-23T17:50:24 172.713 INF [RoadShapeFix]   North: EXIT CREATED
2025-12-23T17:50:24 172.713 INF [RoadShapeFix]   East: Neighbor at 61, 31, SameTownship=True, InStreets=True, District=littleasia
2025-12-23T17:50:24 172.713 INF [RoadShapeFix]   East: EXIT CREATED
2025-12-23T17:50:24 172.713 INF [RoadShapeFix]   South: Neighbor at 60, 30, SameTownship=True, InStreets=True, District=industrial
2025-12-23T17:50:24 172.713 INF [RoadShapeFix]   South: EXIT CREATED
2025-12-23T17:50:24 172.713 INF [RoadShapeFix]   West: Neighbor at 59, 31, SameTownship=True, InStreets=True, District=rural
2025-12-23T17:50:24 172.714 INF [RoadShapeFix]   West: EXIT CREATED
2025-12-23T17:50:24 172.714 INF [RoadShapeFix]   New exits: 15 (intersection)
2025-12-23T17:50:24 172.714 INF [RoadShapeFix] Tile 3/39: No change needed at 60, 31 in rural
2025-12-23T17:50:24 172.714 INF [RoadShapeFix] --- Township 7: 37 tiles ---
2025-12-23T17:50:24 172.714 INF [RoadShapeFix] === Analyzing tile at 24, 15 in rural ===
2025-12-23T17:50:24 172.715 INF [RoadShapeFix]   Current exits: 11 (unknown(11))
2025-12-23T17:50:24 172.715 INF [RoadShapeFix]   North: Neighbor at 24, 16, SameTownship=True, InStreets=True, District=commercial
2025-12-23T17:50:24 172.715 INF [RoadShapeFix]   North: EXIT CREATED
2025-12-23T17:50:24 172.715 INF [RoadShapeFix]   East: Neighbor at 25, 15, SameTownship=True, InStreets=True, District=rural
2025-12-23T17:50:24 172.715 INF [RoadShapeFix]   East: EXIT CREATED
2025-12-23T17:50:24 172.716 INF [RoadShapeFix]   South: Neighbor at 24, 14, SameTownship=False, InStreets=False, District=null
2025-12-23T17:50:24 172.716 INF [RoadShapeFix]   West: Neighbor at 23, 15, SameTownship=True, InStreets=True, District=rural
2025-12-23T17:50:24 172.716 INF [RoadShapeFix]   West: EXIT CREATED
2025-12-23T17:50:24 172.716 INF [RoadShapeFix]   New exits: 11 (unknown(11))
2025-12-23T17:50:24 172.716 INF [RoadShapeFix] Tile 1/37: No change needed at 24, 15 in rural
2025-12-23T17:50:24 172.717 INF [RoadShapeFix] === Analyzing tile at 23, 15 in rural ===
2025-12-23T17:50:24 172.717 INF [RoadShapeFix]   Current exits: 15 (intersection)
2025-12-23T17:50:24 172.717 INF [RoadShapeFix]   North: Neighbor at 23, 16, SameTownship=True, InStreets=True, District=residential
2025-12-23T17:50:24 172.717 INF [RoadShapeFix]   North: EXIT CREATED
2025-12-23T17:50:24 172.717 INF [RoadShapeFix]   East: Neighbor at 24, 15, SameTownship=True, InStreets=True, District=rural
2025-12-23T17:50:24 172.717 INF [RoadShapeFix]   East: EXIT CREATED
2025-12-23T17:50:24 172.718 INF [RoadShapeFix]   South: Neighbor at 23, 14, SameTownship=True, InStreets=True, District=rural
2025-12-23T17:50:24 172.718 INF [RoadShapeFix]   South: EXIT CREATED
2025-12-23T17:50:24 172.718 INF [RoadShapeFix]   West: Neighbor at 22, 15, SameTownship=True, InStreets=True, District=industrial
2025-12-23T17:50:24 172.718 INF [RoadShapeFix]   West: EXIT CREATED
2025-12-23T17:50:24 172.718 INF [RoadShapeFix]   New exits: 15 (intersection)
2025-12-23T17:50:24 172.718 INF [RoadShapeFix] Tile 2/37: No change needed at 23, 15 in rural
2025-12-23T17:50:24 172.719 INF [RoadShapeFix] === Analyzing tile at 21, 16 in rural ===
2025-12-23T17:50:24 172.719 INF [RoadShapeFix]   Current exits: 15 (intersection)
2025-12-23T17:50:24 172.719 INF [RoadShapeFix]   North: Neighbor at 21, 17, SameTownship=True, InStreets=True, District=residential
2025-12-23T17:50:24 172.719 INF [RoadShapeFix]   North: EXIT CREATED
2025-12-23T17:50:24 172.719 INF [RoadShapeFix]   East: Neighbor at 22, 16, SameTownship=True, InStreets=True, District=residential
2025-12-23T17:50:24 172.719 INF [RoadShapeFix]   East: EXIT CREATED
2025-12-23T17:50:24 172.720 INF [RoadShapeFix]   South: Neighbor at 21, 15, SameTownship=True, InStreets=True, District=rural
2025-12-23T17:50:24 172.720 INF [RoadShapeFix]   South: EXIT CREATED
2025-12-23T17:50:24 172.720 INF [RoadShapeFix]   West: Neighbor at 20, 16, SameTownship=True, InStreets=True, District=rural
2025-12-23T17:50:24 172.720 INF [RoadShapeFix]   West: EXIT CREATED
2025-12-23T17:50:24 172.720 INF [RoadShapeFix]   New exits: 15 (intersection)
2025-12-23T17:50:24 172.720 INF [RoadShapeFix] Tile 3/37: No change needed at 21, 16 in rural
2025-12-23T17:50:24 172.721 INF [RoadShapeFix] --- Township 8: 25 tiles ---
2025-12-23T17:50:24 172.721 INF [RoadShapeFix] === Analyzing tile at 42, 62 in rural ===
2025-12-23T17:50:24 172.721 INF [RoadShapeFix]   Current exits: 15 (intersection)
2025-12-23T17:50:24 172.721 INF [RoadShapeFix]   North: Neighbor at 42, 63, SameTownship=True, InStreets=True, District=rural
2025-12-23T17:50:24 172.721 INF [RoadShapeFix]   North: EXIT CREATED
2025-12-23T17:50:24 172.721 INF [RoadShapeFix]   East: Neighbor at 43, 62, SameTownship=True, InStreets=True, District=gateway
2025-12-23T17:50:24 172.721 INF [RoadShapeFix]   East: EXIT CREATED
2025-12-23T17:50:24 172.722 INF [RoadShapeFix]   South: Neighbor at 42, 61, SameTownship=True, InStreets=True, District=gateway
2025-12-23T17:50:24 172.722 INF [RoadShapeFix]   South: EXIT CREATED
2025-12-23T17:50:24 172.722 INF [RoadShapeFix]   West: Neighbor at 41, 62, SameTownship=True, InStreets=True, District=industrial
2025-12-23T17:50:24 172.722 INF [RoadShapeFix]   West: EXIT CREATED
2025-12-23T17:50:24 172.722 INF [RoadShapeFix]   New exits: 15 (intersection)
2025-12-23T17:50:24 172.722 INF [RoadShapeFix] Tile 1/25: No change needed at 42, 62 in rural
2025-12-23T17:50:24 172.722 INF [RoadShapeFix] === Analyzing tile at 40, 60 in rural ===
2025-12-23T17:50:24 172.723 INF [RoadShapeFix]   Current exits: 9 (unknown(9))
2025-12-23T17:50:24 172.723 INF [RoadShapeFix]   North: Neighbor at 40, 61, SameTownship=True, InStreets=True, District=commercial
2025-12-23T17:50:24 172.723 INF [RoadShapeFix]   North: EXIT CREATED
2025-12-23T17:50:24 172.723 INF [RoadShapeFix]   East: Neighbor at 41, 60, SameTownship=False, InStreets=False, District=null
2025-12-23T17:50:24 172.723 INF [RoadShapeFix]   South: Neighbor at 40, 59, SameTownship=False, InStreets=False, District=null
2025-12-23T17:50:24 172.724 INF [RoadShapeFix]   West: Neighbor at 39, 60, SameTownship=True, InStreets=True, District=residential
2025-12-23T17:50:24 172.724 INF [RoadShapeFix]   West: EXIT CREATED
2025-12-23T17:50:24 172.724 INF [RoadShapeFix]   New exits: 9 (unknown(9))
2025-12-23T17:50:24 172.724 INF [RoadShapeFix] Tile 2/25: No change needed at 40, 60 in rural
2025-12-23T17:50:24 172.724 INF [RoadShapeFix] === Analyzing tile at 40, 64 in rural ===
2025-12-23T17:50:24 172.725 INF [RoadShapeFix]   Current exits: 15 (intersection)
2025-12-23T17:50:24 172.725 INF [RoadShapeFix]   North: Neighbor at 40, 65, SameTownship=True, InStreets=True, District=gateway
2025-12-23T17:50:24 172.725 INF [RoadShapeFix]   North: EXIT CREATED
2025-12-23T17:50:24 172.725 INF [RoadShapeFix]   East: Neighbor at 41, 64, SameTownship=True, InStreets=True, District=rural
2025-12-23T17:50:24 172.725 INF [RoadShapeFix]   East: EXIT CREATED
2025-12-23T17:50:24 172.725 INF [RoadShapeFix]   South: Neighbor at 40, 63, SameTownship=True, InStreets=True, District=residential
2025-12-23T17:50:24 172.725 INF [RoadShapeFix]   South: EXIT CREATED
2025-12-23T17:50:24 172.726 INF [RoadShapeFix]   West: Neighbor at 39, 64, SameTownship=True, InStreets=True, District=rural
2025-12-23T17:50:24 172.726 INF [RoadShapeFix]   West: EXIT CREATED
2025-12-23T17:50:24 172.726 INF [RoadShapeFix]   New exits: 15 (intersection)
2025-12-23T17:50:24 172.726 INF [RoadShapeFix] Tile 3/25: No change needed at 40, 64 in rural
2025-12-23T17:50:24 172.726 INF [RoadShapeFix] --- Township 9: 25 tiles ---
2025-12-23T17:50:24 172.726 INF [RoadShapeFix] === Analyzing tile at 55, 66 in rural ===
2025-12-23T17:50:24 172.726 INF [RoadShapeFix]   Current exits: 7 (t)
2025-12-23T17:50:24 172.727 INF [RoadShapeFix]   North: Neighbor at 55, 67, SameTownship=True, InStreets=True, District=gateway
2025-12-23T17:50:24 172.727 INF [RoadShapeFix]   North: EXIT CREATED
2025-12-23T17:50:24 172.727 INF [RoadShapeFix]   East: Neighbor at 56, 66, SameTownship=True, InStreets=True, District=gateway
2025-12-23T17:50:24 172.727 INF [RoadShapeFix]   East: EXIT CREATED
2025-12-23T17:50:24 172.727 INF [RoadShapeFix]   South: Neighbor at 55, 65, SameTownship=True, InStreets=True, District=residential
2025-12-23T17:50:24 172.727 INF [RoadShapeFix]   South: EXIT CREATED
2025-12-23T17:50:24 172.728 INF [RoadShapeFix]   West: Neighbor at 54, 66, SameTownship=False, InStreets=False, District=wilderness
2025-12-23T17:50:24 172.728 INF [RoadShapeFix]   New exits: 7 (t)
2025-12-23T17:50:24 172.728 INF [RoadShapeFix] Tile 1/25: No change needed at 55, 66 in rural
2025-12-23T17:50:24 172.728 INF [RoadShapeFix] === Analyzing tile at 57, 64 in rural ===
2025-12-23T17:50:24 172.728 INF [RoadShapeFix]   Current exits: 8 (unknown(8))
2025-12-23T17:50:24 172.729 INF [RoadShapeFix]   North: Neighbor at 57, 65, SameTownship=False, InStreets=False, District=null
2025-12-23T17:50:24 172.729 INF [RoadShapeFix]   East: Neighbor at 58, 64, SameTownship=False, InStreets=False, District=null
2025-12-23T17:50:24 172.729 INF [RoadShapeFix]   South: Neighbor at 57, 63, SameTownship=False, InStreets=False, District=null
2025-12-23T17:50:24 172.729 INF [RoadShapeFix]   West: Neighbor at 56, 64, SameTownship=True, InStreets=True, District=residential
2025-12-23T17:50:24 172.729 INF [RoadShapeFix]   West: EXIT CREATED
2025-12-23T17:50:24 172.729 INF [RoadShapeFix]   New exits: 8 (unknown(8))
2025-12-23T17:50:24 172.730 INF [RoadShapeFix] Tile 2/25: No change needed at 57, 64 in rural
2025-12-23T17:50:24 172.730 INF [RoadShapeFix] === Analyzing tile at 56, 63 in rural ===
2025-12-23T17:50:24 172.730 INF [RoadShapeFix]   Current exits: 9 (unknown(9))
2025-12-23T17:50:24 172.730 INF [RoadShapeFix]   North: Neighbor at 56, 64, SameTownship=True, InStreets=True, District=residential
2025-12-23T17:50:24 172.730 INF [RoadShapeFix]   North: EXIT CREATED
2025-12-23T17:50:24 172.731 INF [RoadShapeFix]   East: Neighbor at 57, 63, SameTownship=False, InStreets=False, District=null
2025-12-23T17:50:24 172.731 INF [RoadShapeFix]   South: Neighbor at 56, 62, SameTownship=False, InStreets=False, District=null
2025-12-23T17:50:24 172.731 INF [RoadShapeFix]   West: Neighbor at 55, 63, SameTownship=True, InStreets=True, District=commercial
2025-12-23T17:50:24 172.731 INF [RoadShapeFix]   West: EXIT CREATED
2025-12-23T17:50:24 172.731 INF [RoadShapeFix]   New exits: 9 (unknown(9))
2025-12-23T17:50:24 172.731 INF [RoadShapeFix] Tile 3/25: No change needed at 56, 63 in rural
2025-12-23T17:50:24 172.731 INF [RoadShapeFix] --- Township 10: 29 tiles ---
2025-12-23T17:50:24 172.732 INF [RoadShapeFix] === Analyzing tile at 61, 66 in rural ===
2025-12-23T17:50:24 172.732 INF [RoadShapeFix]   Current exits: 6 (corner)
2025-12-23T17:50:24 172.732 INF [RoadShapeFix]   North: Neighbor at 61, 67, SameTownship=False, InStreets=False, District=null
2025-12-23T17:50:24 172.732 INF [RoadShapeFix]   East: Neighbor at 62, 66, SameTownship=True, InStreets=True, District=industrial
2025-12-23T17:50:24 172.732 INF [RoadShapeFix]   East: EXIT CREATED
2025-12-23T17:50:24 172.732 INF [RoadShapeFix]   South: Neighbor at 61, 65, SameTownship=True, InStreets=True, District=industrial
2025-12-23T17:50:24 172.733 INF [RoadShapeFix]   South: EXIT CREATED
2025-12-23T17:50:24 172.733 INF [RoadShapeFix]   West: Neighbor at 60, 66, SameTownship=False, InStreets=False, District=null
2025-12-23T17:50:24 172.733 INF [RoadShapeFix]   New exits: 6 (corner)
2025-12-23T17:50:24 172.733 INF [RoadShapeFix] Tile 1/29: No change needed at 61, 66 in rural
2025-12-23T17:50:24 172.733 INF [RoadShapeFix] === Analyzing tile at 60, 65 in rural ===
2025-12-23T17:50:24 172.734 INF [RoadShapeFix]   Current exits: 6 (corner)
2025-12-23T17:50:24 172.734 INF [RoadShapeFix]   North: Neighbor at 60, 66, SameTownship=False, InStreets=False, District=null
2025-12-23T17:50:24 172.734 INF [RoadShapeFix]   East: Neighbor at 61, 65, SameTownship=True, InStreets=True, District=industrial
2025-12-23T17:50:24 172.734 INF [RoadShapeFix]   East: EXIT CREATED
2025-12-23T17:50:24 172.734 INF [RoadShapeFix]   South: Neighbor at 60, 64, SameTownship=True, InStreets=True, District=residential
2025-12-23T17:50:24 172.734 INF [RoadShapeFix]   South: EXIT CREATED
2025-12-23T17:50:24 172.735 INF [RoadShapeFix]   West: Neighbor at 59, 65, SameTownship=False, InStreets=False, District=null
2025-12-23T17:50:24 172.735 INF [RoadShapeFix]   New exits: 6 (corner)
2025-12-23T17:50:24 172.735 INF [RoadShapeFix] Tile 2/29: No change needed at 60, 65 in rural
2025-12-23T17:50:24 172.735 INF [RoadShapeFix] === Analyzing tile at 62, 67 in rural ===
2025-12-23T17:50:24 172.735 INF [RoadShapeFix]   Current exits: 5 (straight)
2025-12-23T17:50:24 172.736 INF [RoadShapeFix]   North: Neighbor at 62, 68, SameTownship=True, InStreets=True, District=gateway
2025-12-23T17:50:24 172.736 INF [RoadShapeFix]   North: EXIT CREATED
2025-12-23T17:50:24 172.736 INF [RoadShapeFix]   East: Neighbor at 63, 67, SameTownship=False, InStreets=False, District=null
2025-12-23T17:50:24 172.736 INF [RoadShapeFix]   South: Neighbor at 62, 66, SameTownship=True, InStreets=True, District=industrial
2025-12-23T17:50:24 172.736 INF [RoadShapeFix]   South: EXIT CREATED
2025-12-23T17:50:24 172.736 INF [RoadShapeFix]   West: Neighbor at 61, 67, SameTownship=False, InStreets=False, District=null
2025-12-23T17:50:24 172.736 INF [RoadShapeFix]   New exits: 5 (straight)
2025-12-23T17:50:24 172.737 INF [RoadShapeFix] Tile 3/29: No change needed at 62, 67 in rural
2025-12-23T17:50:24 172.737 INF [RoadShapeFix] --- Township 11: 26 tiles ---
2025-12-23T17:50:24 172.737 INF [RoadShapeFix] === Analyzing tile at 49, 74 in rural ===
2025-12-23T17:50:24 172.737 INF [RoadShapeFix]   Current exits: 15 (intersection)
2025-12-23T17:50:24 172.737 INF [RoadShapeFix]   North: Neighbor at 49, 75, SameTownship=True, InStreets=True, District=gateway
2025-12-23T17:50:24 172.737 INF [RoadShapeFix]   North: EXIT CREATED
2025-12-23T17:50:24 172.738 INF [RoadShapeFix]   East: Neighbor at 50, 74, SameTownship=True, InStreets=True, District=gateway
2025-12-23T17:50:24 172.738 INF [RoadShapeFix]   East: EXIT CREATED
2025-12-23T17:50:24 172.738 INF [RoadShapeFix]   South: Neighbor at 49, 73, SameTownship=True, InStreets=True, District=industrial
2025-12-23T17:50:24 172.738 INF [RoadShapeFix]   South: EXIT CREATED
2025-12-23T17:50:24 172.738 INF [RoadShapeFix]   West: Neighbor at 48, 74, SameTownship=True, InStreets=True, District=rural
2025-12-23T17:50:24 172.738 INF [RoadShapeFix]   West: EXIT CREATED
2025-12-23T17:50:24 172.738 INF [RoadShapeFix]   New exits: 15 (intersection)
2025-12-23T17:50:24 172.739 INF [RoadShapeFix] Tile 1/26: No change needed at 49, 74 in rural
2025-12-23T17:50:24 172.739 INF [RoadShapeFix] === Analyzing tile at 51, 72 in rural ===
2025-12-23T17:50:24 172.739 INF [RoadShapeFix]   Current exits: 8 (unknown(8))
2025-12-23T17:50:24 172.739 INF [RoadShapeFix]   North: Neighbor at 51, 73, SameTownship=False, InStreets=False, District=null
2025-12-23T17:50:24 172.739 INF [RoadShapeFix]   East: Neighbor at 52, 72, SameTownship=False, InStreets=False, District=null
2025-12-23T17:50:24 172.740 INF [RoadShapeFix]   South: Neighbor at 51, 71, SameTownship=False, InStreets=False, District=null
2025-12-23T17:50:24 172.740 INF [RoadShapeFix]   West: Neighbor at 50, 72, SameTownship=True, InStreets=True, District=commercial
2025-12-23T17:50:24 172.740 INF [RoadShapeFix]   West: EXIT CREATED
2025-12-23T17:50:24 172.740 INF [RoadShapeFix]   New exits: 8 (unknown(8))
2025-12-23T17:50:24 172.740 INF [RoadShapeFix] Tile 2/26: No change needed at 51, 72 in rural
2025-12-23T17:50:24 172.740 INF [RoadShapeFix] === Analyzing tile at 48, 74 in rural ===
2025-12-23T17:50:24 172.740 INF [RoadShapeFix]   Current exits: 6 (corner)
2025-12-23T17:50:24 172.741 INF [RoadShapeFix]   North: Neighbor at 48, 75, SameTownship=False, InStreets=False, District=null
2025-12-23T17:50:24 172.741 INF [RoadShapeFix]   East: Neighbor at 49, 74, SameTownship=True, InStreets=True, District=rural
2025-12-23T17:50:24 172.741 INF [RoadShapeFix]   East: EXIT CREATED
2025-12-23T17:50:24 172.741 INF [RoadShapeFix]   South: Neighbor at 48, 73, SameTownship=True, InStreets=True, District=industrial
2025-12-23T17:50:24 172.741 INF [RoadShapeFix]   South: EXIT CREATED
2025-12-23T17:50:24 172.742 INF [RoadShapeFix]   West: Neighbor at 47, 74, SameTownship=False, InStreets=False, District=null
2025-12-23T17:50:24 172.742 INF [RoadShapeFix]   New exits: 6 (corner)
2025-12-23T17:50:24 172.742 INF [RoadShapeFix] Tile 3/26: No change needed at 48, 74 in rural
2025-12-23T17:50:24 172.742 INF [RoadShapeFix] --- Township 12: 16 tiles ---
2025-12-23T17:50:24 172.742 INF [RoadShapeFix] === Analyzing tile at 46, 19 in oldwest ===
2025-12-23T17:50:24 172.743 INF [RoadShapeFix]   Current exits: 11 (unknown(11))
2025-12-23T17:50:24 172.743 INF [RoadShapeFix]   North: Neighbor at 46, 20, SameTownship=True, InStreets=True, District=oldwest
2025-12-23T17:50:24 172.743 INF [RoadShapeFix]   North: EXIT CREATED
2025-12-23T17:50:24 172.743 INF [RoadShapeFix]   East: Neighbor at 47, 19, SameTownship=True, InStreets=True, District=oldwest
2025-12-23T17:50:24 172.743 INF [RoadShapeFix]   East: EXIT CREATED
2025-12-23T17:50:24 172.743 INF [RoadShapeFix]   South: Neighbor at 46, 18, SameTownship=False, InStreets=False, District=null
2025-12-23T17:50:24 172.743 INF [RoadShapeFix]   West: Neighbor at 45, 19, SameTownship=True, InStreets=True, District=oldwest
2025-12-23T17:50:24 172.744 INF [RoadShapeFix]   West: EXIT CREATED
2025-12-23T17:50:24 172.744 INF [RoadShapeFix]   New exits: 11 (unknown(11))
2025-12-23T17:50:24 172.744 INF [RoadShapeFix] Tile 1/16: No change needed at 46, 19 in oldwest
2025-12-23T17:50:24 172.744 INF [RoadShapeFix] === Analyzing tile at 45, 19 in oldwest ===
2025-12-23T17:50:24 172.744 INF [RoadShapeFix]   Current exits: 15 (intersection)
2025-12-23T17:50:24 172.744 INF [RoadShapeFix]   North: Neighbor at 45, 20, SameTownship=True, InStreets=True, District=oldwest
2025-12-23T17:50:24 172.745 INF [RoadShapeFix]   North: EXIT CREATED
2025-12-23T17:50:24 172.745 INF [RoadShapeFix]   East: Neighbor at 46, 19, SameTownship=True, InStreets=True, District=oldwest
2025-12-23T17:50:24 172.745 INF [RoadShapeFix]   East: EXIT CREATED
2025-12-23T17:50:24 172.745 INF [RoadShapeFix]   South: Neighbor at 45, 18, SameTownship=True, InStreets=True, District=oldwest
2025-12-23T17:50:24 172.745 INF [RoadShapeFix]   South: EXIT CREATED
2025-12-23T17:50:24 172.745 INF [RoadShapeFix]   West: Neighbor at 44, 19, SameTownship=True, InStreets=True, District=oldwest
2025-12-23T17:50:24 172.746 INF [RoadShapeFix]   West: EXIT CREATED
2025-12-23T17:50:24 172.746 INF [RoadShapeFix]   New exits: 15 (intersection)
2025-12-23T17:50:24 172.746 INF [RoadShapeFix] Tile 2/16: No change needed at 45, 19 in oldwest
2025-12-23T17:50:24 172.746 INF [RoadShapeFix] === Analyzing tile at 46, 20 in oldwest ===
2025-12-23T17:50:24 172.746 INF [RoadShapeFix]   Current exits: 15 (intersection)
2025-12-23T17:50:24 172.746 INF [RoadShapeFix]   North: Neighbor at 46, 21, SameTownship=True, InStreets=True, District=oldwest
2025-12-23T17:50:24 172.746 INF [RoadShapeFix]   North: EXIT CREATED
2025-12-23T17:50:24 172.747 INF [RoadShapeFix]   East: Neighbor at 47, 20, SameTownship=True, InStreets=True, District=oldwest
2025-12-23T17:50:24 172.747 INF [RoadShapeFix]   East: EXIT CREATED
2025-12-23T17:50:24 172.747 INF [RoadShapeFix]   South: Neighbor at 46, 19, SameTownship=True, InStreets=True, District=oldwest
2025-12-23T17:50:24 172.747 INF [RoadShapeFix]   South: EXIT CREATED
2025-12-23T17:50:24 172.747 INF [RoadShapeFix]   West: Neighbor at 45, 20, SameTownship=True, InStreets=True, District=oldwest
2025-12-23T17:50:24 172.747 INF [RoadShapeFix]   West: EXIT CREATED
2025-12-23T17:50:24 172.748 INF [RoadShapeFix]   New exits: 15 (intersection)
2025-12-23T17:50:24 172.748 INF [RoadShapeFix] Tile 3/16: No change needed at 46, 20 in oldwest
2025-12-23T17:50:24 172.748 INF [RoadShapeFix] --- Township 13: 20 tiles ---
2025-12-23T17:50:24 172.748 INF [RoadShapeFix] === Analyzing tile at 66, 40 in rural ===
2025-12-23T17:50:24 172.748 INF [RoadShapeFix]   Current exits: 14 (unknown(14))
2025-12-23T17:50:24 172.749 INF [RoadShapeFix]   North: Neighbor at 66, 41, SameTownship=False, InStreets=False, District=wilderness
2025-12-23T17:50:24 172.749 INF [RoadShapeFix]   East: Neighbor at 67, 40, SameTownship=True, InStreets=True, District=industrial
2025-12-23T17:50:24 172.749 INF [RoadShapeFix]   East: EXIT CREATED
2025-12-23T17:50:24 172.749 INF [RoadShapeFix]   South: Neighbor at 66, 39, SameTownship=True, InStreets=True, District=commercial
2025-12-23T17:50:24 172.749 INF [RoadShapeFix]   South: EXIT CREATED
2025-12-23T17:50:24 172.750 INF [RoadShapeFix]   West: Neighbor at 65, 40, SameTownship=True, InStreets=True, District=rural
2025-12-23T17:50:24 172.750 INF [RoadShapeFix]   West: EXIT CREATED
2025-12-23T17:50:24 172.750 INF [RoadShapeFix]   New exits: 14 (unknown(14))
2025-12-23T17:50:24 172.750 INF [RoadShapeFix] Tile 1/20: No change needed at 66, 40 in rural
2025-12-23T17:50:24 172.750 INF [RoadShapeFix] === Analyzing tile at 67, 41 in rural ===
2025-12-23T17:50:24 172.750 INF [RoadShapeFix]   Current exits: 5 (straight)
2025-12-23T17:50:24 172.750 INF [RoadShapeFix]   North: Neighbor at 67, 42, SameTownship=True, InStreets=True, District=gateway
2025-12-23T17:50:24 172.751 INF [RoadShapeFix]   North: EXIT CREATED
2025-12-23T17:50:24 172.751 INF [RoadShapeFix]   East: Neighbor at 68, 41, SameTownship=False, InStreets=False, District=null
2025-12-23T17:50:24 172.751 INF [RoadShapeFix]   South: Neighbor at 67, 40, SameTownship=True, InStreets=True, District=industrial
2025-12-23T17:50:24 172.751 INF [RoadShapeFix]   South: EXIT CREATED
2025-12-23T17:50:24 172.751 INF [RoadShapeFix]   West: Neighbor at 66, 41, SameTownship=False, InStreets=False, District=wilderness
2025-12-23T17:50:24 172.752 INF [RoadShapeFix]   New exits: 5 (straight)
2025-12-23T17:50:24 172.752 INF [RoadShapeFix] Tile 2/20: No change needed at 67, 41 in rural
2025-12-23T17:50:24 172.752 INF [RoadShapeFix] === Analyzing tile at 68, 40 in rural ===
2025-12-23T17:50:24 172.752 INF [RoadShapeFix]   Current exits: 12 (unknown(12))
2025-12-23T17:50:24 172.752 INF [RoadShapeFix]   North: Neighbor at 68, 41, SameTownship=False, InStreets=False, District=null
2025-12-23T17:50:24 172.752 INF [RoadShapeFix]   East: Neighbor at 69, 40, SameTownship=False, InStreets=False, District=null
2025-12-23T17:50:24 172.753 INF [RoadShapeFix]   South: Neighbor at 68, 39, SameTownship=True, InStreets=True, District=industrial
2025-12-23T17:50:24 172.753 INF [RoadShapeFix]   South: EXIT CREATED
2025-12-23T17:50:24 172.753 INF [RoadShapeFix]   West: Neighbor at 67, 40, SameTownship=True, InStreets=True, District=industrial
2025-12-23T17:50:24 172.753 INF [RoadShapeFix]   West: EXIT CREATED
2025-12-23T17:50:24 172.753 INF [RoadShapeFix]   New exits: 12 (unknown(12))
2025-12-23T17:50:24 172.753 INF [RoadShapeFix] Tile 3/20: No change needed at 68, 40 in rural
2025-12-23T17:50:24 172.753 INF [RoadShapeFix] --- Township 14: 20 tiles ---
2025-12-23T17:50:24 172.754 INF [RoadShapeFix] === Analyzing tile at 73, 32 in rural ===
2025-12-23T17:50:24 172.754 INF [RoadShapeFix]   Current exits: 11 (unknown(11))
2025-12-23T17:50:24 172.754 INF [RoadShapeFix]   North: Neighbor at 73, 33, SameTownship=True, InStreets=True, District=residential
2025-12-23T17:50:24 172.754 INF [RoadShapeFix]   North: EXIT CREATED
2025-12-23T17:50:24 172.754 INF [RoadShapeFix]   East: Neighbor at 74, 32, SameTownship=True, InStreets=True, District=gateway
2025-12-23T17:50:24 172.754 INF [RoadShapeFix]   East: EXIT CREATED
2025-12-23T17:50:24 172.754 INF [RoadShapeFix]   South: Neighbor at 73, 31, SameTownship=False, InStreets=False, District=null
2025-12-23T17:50:24 172.755 INF [RoadShapeFix]   West: Neighbor at 72, 32, SameTownship=True, InStreets=True, District=residential
2025-12-23T17:50:24 172.755 INF [RoadShapeFix]   West: EXIT CREATED
2025-12-23T17:50:24 172.755 INF [RoadShapeFix]   New exits: 11 (unknown(11))
2025-12-23T17:50:24 172.755 INF [RoadShapeFix] Tile 1/20: No change needed at 73, 32 in rural
2025-12-23T17:50:24 172.755 INF [RoadShapeFix] === Analyzing tile at 72, 31 in rural ===
2025-12-23T17:50:24 172.755 INF [RoadShapeFix]   Current exits: 1 (unknown(1))
2025-12-23T17:50:24 172.755 INF [RoadShapeFix]   North: Neighbor at 72, 32, SameTownship=True, InStreets=True, District=residential
2025-12-23T17:50:24 172.756 INF [RoadShapeFix]   North: EXIT CREATED
2025-12-23T17:50:24 172.756 INF [RoadShapeFix]   East: Neighbor at 73, 31, SameTownship=False, InStreets=False, District=null
2025-12-23T17:50:24 172.756 INF [RoadShapeFix]   South: Neighbor at 72, 30, SameTownship=False, InStreets=False, District=null
2025-12-23T17:50:24 172.756 INF [RoadShapeFix]   West: Neighbor at 71, 31, SameTownship=False, InStreets=False, District=null
2025-12-23T17:50:24 172.756 INF [RoadShapeFix]   New exits: 1 (unknown(1))
2025-12-23T17:50:24 172.756 INF [RoadShapeFix] Tile 2/20: No change needed at 72, 31 in rural
2025-12-23T17:50:24 172.756 INF [RoadShapeFix] === Analyzing tile at 71, 32 in rural ===
2025-12-23T17:50:24 172.757 INF [RoadShapeFix]   Current exits: 3 (unknown(3))
2025-12-23T17:50:24 172.757 INF [RoadShapeFix]   North: Neighbor at 71, 33, SameTownship=True, InStreets=True, District=commercial
2025-12-23T17:50:24 172.757 INF [RoadShapeFix]   North: EXIT CREATED
2025-12-23T17:50:24 172.757 INF [RoadShapeFix]   East: Neighbor at 72, 32, SameTownship=True, InStreets=True, District=residential
2025-12-23T17:50:24 172.757 INF [RoadShapeFix]   East: EXIT CREATED
2025-12-23T17:50:24 172.757 INF [RoadShapeFix]   South: Neighbor at 71, 31, SameTownship=False, InStreets=False, District=null
2025-12-23T17:50:24 172.758 INF [RoadShapeFix]   West: Neighbor at 70, 32, SameTownship=False, InStreets=False, District=null
2025-12-23T17:50:24 172.758 INF [RoadShapeFix]   New exits: 3 (unknown(3))
2025-12-23T17:50:24 172.758 INF [RoadShapeFix] Tile 3/20: No change needed at 71, 32 in rural
2025-12-23T17:50:24 172.758 INF [RoadShapeFix] --- Township 15: 20 tiles ---
2025-12-23T17:50:24 172.758 INF [RoadShapeFix] === Analyzing tile at 32, 57 in rural ===
2025-12-23T17:50:24 172.758 INF [RoadShapeFix]   Current exits: 11 (unknown(11))
2025-12-23T17:50:24 172.758 INF [RoadShapeFix]   North: Neighbor at 32, 58, SameTownship=True, InStreets=True, District=residential
2025-12-23T17:50:24 172.759 INF [RoadShapeFix]   North: EXIT CREATED
2025-12-23T17:50:24 172.759 INF [RoadShapeFix]   East: Neighbor at 33, 57, SameTownship=True, InStreets=True, District=gateway
2025-12-23T17:50:24 172.759 INF [RoadShapeFix]   East: EXIT CREATED
2025-12-23T17:50:24 172.759 INF [RoadShapeFix]   South: Neighbor at 32, 56, SameTownship=False, InStreets=False, District=null
2025-12-23T17:50:24 172.759 INF [RoadShapeFix]   West: Neighbor at 31, 57, SameTownship=True, InStreets=True, District=industrial
2025-12-23T17:50:24 172.759 INF [RoadShapeFix]   West: EXIT CREATED
2025-12-23T17:50:24 172.759 INF [RoadShapeFix]   New exits: 11 (unknown(11))
2025-12-23T17:50:24 172.760 INF [RoadShapeFix] Tile 1/20: No change needed at 32, 57 in rural
2025-12-23T17:50:24 172.760 INF [RoadShapeFix] === Analyzing tile at 31, 56 in rural ===
2025-12-23T17:50:24 172.760 INF [RoadShapeFix]   Current exits: 1 (unknown(1))
2025-12-23T17:50:24 172.760 INF [RoadShapeFix]   North: Neighbor at 31, 57, SameTownship=True, InStreets=True, District=industrial
2025-12-23T17:50:24 172.760 INF [RoadShapeFix]   North: EXIT CREATED
2025-12-23T17:50:24 172.760 INF [RoadShapeFix]   East: Neighbor at 32, 56, SameTownship=False, InStreets=False, District=null
2025-12-23T17:50:24 172.761 INF [RoadShapeFix]   South: Neighbor at 31, 55, SameTownship=False, InStreets=False, District=wilderness
2025-12-23T17:50:24 172.761 INF [RoadShapeFix]   West: Neighbor at 30, 56, SameTownship=False, InStreets=False, District=null
2025-12-23T17:50:24 172.761 INF [RoadShapeFix]   New exits: 1 (unknown(1))
2025-12-23T17:50:24 172.761 INF [RoadShapeFix] Tile 2/20: No change needed at 31, 56 in rural
2025-12-23T17:50:24 172.761 INF [RoadShapeFix] === Analyzing tile at 30, 57 in rural ===
2025-12-23T17:50:24 172.762 INF [RoadShapeFix]   Current exits: 3 (unknown(3))
2025-12-23T17:50:24 172.762 INF [RoadShapeFix]   North: Neighbor at 30, 58, SameTownship=True, InStreets=True, District=commercial
2025-12-23T17:50:24 172.762 INF [RoadShapeFix]   North: EXIT CREATED
2025-12-23T17:50:24 172.762 INF [RoadShapeFix]   East: Neighbor at 31, 57, SameTownship=True, InStreets=True, District=industrial
2025-12-23T17:50:24 172.762 INF [RoadShapeFix]   East: EXIT CREATED
2025-12-23T17:50:24 172.762 INF [RoadShapeFix]   South: Neighbor at 30, 56, SameTownship=False, InStreets=False, District=null
2025-12-23T17:50:24 172.762 INF [RoadShapeFix]   West: Neighbor at 29, 57, SameTownship=False, InStreets=False, District=null
2025-12-23T17:50:24 172.763 INF [RoadShapeFix]   New exits: 3 (unknown(3))
2025-12-23T17:50:24 172.763 INF [RoadShapeFix] Tile 3/20: No change needed at 30, 57 in rural
2025-12-23T17:50:24 172.763 INF [RoadShapeFix] --- Township 16: 19 tiles ---
2025-12-23T17:50:24 172.763 INF [RoadShapeFix] === Analyzing tile at 30, 46 in rural ===
2025-12-23T17:50:24 172.763 INF [RoadShapeFix]   Current exits: 15 (intersection)
2025-12-23T17:50:24 172.764 INF [RoadShapeFix]   North: Neighbor at 30, 47, SameTownship=True, InStreets=True, District=residential
2025-12-23T17:50:24 172.764 INF [RoadShapeFix]   North: EXIT CREATED
2025-12-23T17:50:24 172.764 INF [RoadShapeFix]   East: Neighbor at 31, 46, SameTownship=True, InStreets=True, District=rural
2025-12-23T17:50:24 172.764 INF [RoadShapeFix]   East: EXIT CREATED
2025-12-23T17:50:24 172.764 INF [RoadShapeFix]   South: Neighbor at 30, 45, SameTownship=True, InStreets=True, District=gateway
2025-12-23T17:50:24 172.764 INF [RoadShapeFix]   South: EXIT CREATED
2025-12-23T17:50:24 172.765 INF [RoadShapeFix]   West: Neighbor at 29, 46, SameTownship=True, InStreets=True, District=rural
2025-12-23T17:50:24 172.765 INF [RoadShapeFix]   West: EXIT CREATED
2025-12-23T17:50:24 172.765 INF [RoadShapeFix]   New exits: 15 (intersection)
2025-12-23T17:50:24 172.765 INF [RoadShapeFix] Tile 1/19: No change needed at 30, 46 in rural
2025-12-23T17:50:24 172.765 INF [RoadShapeFix] === Analyzing tile at 29, 49 in rural ===
2025-12-23T17:50:24 172.766 INF [RoadShapeFix]   Current exits: 6 (corner)
2025-12-23T17:50:24 172.766 INF [RoadShapeFix]   North: Neighbor at 29, 50, SameTownship=False, InStreets=False, District=null
2025-12-23T17:50:24 172.766 INF [RoadShapeFix]   East: Neighbor at 30, 49, SameTownship=True, InStreets=True, District=industrial
2025-12-23T17:50:24 172.766 INF [RoadShapeFix]   East: EXIT CREATED
2025-12-23T17:50:24 172.766 INF [RoadShapeFix]   South: Neighbor at 29, 48, SameTownship=True, InStreets=True, District=industrial
2025-12-23T17:50:24 172.766 INF [RoadShapeFix]   South: EXIT CREATED
2025-12-23T17:50:24 172.767 INF [RoadShapeFix]   West: Neighbor at 28, 49, SameTownship=False, InStreets=False, District=null
2025-12-23T17:50:24 172.767 INF [RoadShapeFix]   New exits: 6 (corner)
2025-12-23T17:50:24 172.767 INF [RoadShapeFix] Tile 2/19: No change needed at 29, 49 in rural
2025-12-23T17:50:24 172.767 INF [RoadShapeFix] === Analyzing tile at 28, 48 in rural ===
2025-12-23T17:50:24 172.767 INF [RoadShapeFix]   Current exits: 6 (corner)
2025-12-23T17:50:24 172.767 INF [RoadShapeFix]   North: Neighbor at 28, 49, SameTownship=False, InStreets=False, District=null
2025-12-23T17:50:24 172.768 INF [RoadShapeFix]   East: Neighbor at 29, 48, SameTownship=True, InStreets=True, District=industrial
2025-12-23T17:50:24 172.768 INF [RoadShapeFix]   East: EXIT CREATED
2025-12-23T17:50:24 172.768 INF [RoadShapeFix]   South: Neighbor at 28, 47, SameTownship=True, InStreets=True, District=rural
2025-12-23T17:50:24 172.768 INF [RoadShapeFix]   South: EXIT CREATED
2025-12-23T17:50:24 172.768 INF [RoadShapeFix]   West: Neighbor at 27, 48, SameTownship=False, InStreets=False, District=null
2025-12-23T17:50:24 172.768 INF [RoadShapeFix]   New exits: 6 (corner)
2025-12-23T17:50:24 172.769 INF [RoadShapeFix] Tile 3/19: No change needed at 28, 48 in rural
2025-12-23T17:50:24 172.769 INF [RoadShapeFix] --- Township 17: 21 tiles ---
2025-12-23T17:50:24 172.769 INF [RoadShapeFix] === Analyzing tile at 73, 23 in rural ===
2025-12-23T17:50:24 172.769 INF [RoadShapeFix]   Current exits: 11 (unknown(11))
2025-12-23T17:50:24 172.769 INF [RoadShapeFix]   North: Neighbor at 73, 24, SameTownship=True, InStreets=True, District=rural
2025-12-23T17:50:24 172.769 INF [RoadShapeFix]   North: EXIT CREATED
2025-12-23T17:50:24 172.770 INF [RoadShapeFix]   East: Neighbor at 74, 23, SameTownship=True, InStreets=True, District=gateway
2025-12-23T17:50:24 172.770 INF [RoadShapeFix]   East: EXIT CREATED
2025-12-23T17:50:24 172.770 INF [RoadShapeFix]   South: Neighbor at 73, 22, SameTownship=False, InStreets=False, District=null
2025-12-23T17:50:24 172.770 INF [RoadShapeFix]   West: Neighbor at 72, 23, SameTownship=True, InStreets=True, District=commercial
2025-12-23T17:50:24 172.770 INF [RoadShapeFix]   West: EXIT CREATED
2025-12-23T17:50:24 172.770 INF [RoadShapeFix]   New exits: 11 (unknown(11))
2025-12-23T17:50:24 172.771 INF [RoadShapeFix] Tile 1/21: No change needed at 73, 23 in rural
2025-12-23T17:50:24 172.771 INF [RoadShapeFix] === Analyzing tile at 72, 22 in rural ===
2025-12-23T17:50:24 172.771 INF [RoadShapeFix]   Current exits: 9 (unknown(9))
2025-12-23T17:50:24 172.771 INF [RoadShapeFix]   North: Neighbor at 72, 23, SameTownship=True, InStreets=True, District=commercial
2025-12-23T17:50:24 172.771 INF [RoadShapeFix]   North: EXIT CREATED
2025-12-23T17:50:24 172.771 INF [RoadShapeFix]   East: Neighbor at 73, 22, SameTownship=False, InStreets=False, District=null
2025-12-23T17:50:24 172.771 INF [RoadShapeFix]   South: Neighbor at 72, 21, SameTownship=False, InStreets=False, District=null
2025-12-23T17:50:24 172.772 INF [RoadShapeFix]   West: Neighbor at 71, 22, SameTownship=True, InStreets=True, District=residential
2025-12-23T17:50:24 172.772 INF [RoadShapeFix]   West: EXIT CREATED
2025-12-23T17:50:24 172.772 INF [RoadShapeFix]   New exits: 9 (unknown(9))
2025-12-23T17:50:24 172.772 INF [RoadShapeFix] Tile 2/21: No change needed at 72, 22 in rural
2025-12-23T17:50:24 172.772 INF [RoadShapeFix] === Analyzing tile at 71, 21 in rural ===
2025-12-23T17:50:24 172.773 INF [RoadShapeFix]   Current exits: 5 (straight)
2025-12-23T17:50:24 172.773 INF [RoadShapeFix]   North: Neighbor at 71, 22, SameTownship=True, InStreets=True, District=residential
2025-12-23T17:50:24 172.773 INF [RoadShapeFix]   North: EXIT CREATED
2025-12-23T17:50:24 172.773 INF [RoadShapeFix]   East: Neighbor at 72, 21, SameTownship=False, InStreets=False, District=null
2025-12-23T17:50:24 172.773 INF [RoadShapeFix]   South: Neighbor at 71, 20, SameTownship=True, InStreets=True, District=gateway
2025-12-23T17:50:24 172.773 INF [RoadShapeFix]   South: EXIT CREATED
2025-12-23T17:50:24 172.773 INF [RoadShapeFix]   West: Neighbor at 70, 21, SameTownship=False, InStreets=False, District=null
2025-12-23T17:50:24 172.774 INF [RoadShapeFix]   New exits: 5 (straight)
2025-12-23T17:50:24 172.774 INF [RoadShapeFix] Tile 3/21: No change needed at 71, 21 in rural
2025-12-23T17:50:24 172.774 INF [RoadShapeFix] --- Township 18: 20 tiles ---
2025-12-23T17:50:24 172.774 INF [RoadShapeFix] === Analyzing tile at 55, 15 in rural ===
2025-12-23T17:50:24 172.774 INF [RoadShapeFix]   Current exits: 9 (unknown(9))
2025-12-23T17:50:24 172.775 INF [RoadShapeFix]   North: Neighbor at 55, 16, SameTownship=True, InStreets=True, District=rural
2025-12-23T17:50:24 172.775 INF [RoadShapeFix]   North: EXIT CREATED
2025-12-23T17:50:24 172.775 INF [RoadShapeFix]   East: Neighbor at 56, 15, SameTownship=False, InStreets=False, District=null
2025-12-23T17:50:24 172.775 INF [RoadShapeFix]   South: Neighbor at 55, 14, SameTownship=False, InStreets=False, District=null
2025-12-23T17:50:24 172.775 INF [RoadShapeFix]   West: Neighbor at 54, 15, SameTownship=True, InStreets=True, District=commercial
2025-12-23T17:50:24 172.775 INF [RoadShapeFix]   West: EXIT CREATED
2025-12-23T17:50:24 172.776 INF [RoadShapeFix]   New exits: 9 (unknown(9))
2025-12-23T17:50:24 172.776 INF [RoadShapeFix] Tile 1/20: No change needed at 55, 15 in rural
2025-12-23T17:50:24 172.776 INF [RoadShapeFix] === Analyzing tile at 54, 14 in rural ===
2025-12-23T17:50:24 172.776 INF [RoadShapeFix]   Current exits: 9 (unknown(9))
2025-12-23T17:50:24 172.776 INF [RoadShapeFix]   North: Neighbor at 54, 15, SameTownship=True, InStreets=True, District=commercial
2025-12-23T17:50:24 172.776 INF [RoadShapeFix]   North: EXIT CREATED
2025-12-23T17:50:24 172.776 INF [RoadShapeFix]   East: Neighbor at 55, 14, SameTownship=False, InStreets=False, District=null
2025-12-23T17:50:24 172.777 INF [RoadShapeFix]   South: Neighbor at 54, 13, SameTownship=False, InStreets=False, District=null
2025-12-23T17:50:24 172.777 INF [RoadShapeFix]   West: Neighbor at 53, 14, SameTownship=True, InStreets=True, District=residential
2025-12-23T17:50:24 172.777 INF [RoadShapeFix]   West: EXIT CREATED
2025-12-23T17:50:24 172.777 INF [RoadShapeFix]   New exits: 9 (unknown(9))
2025-12-23T17:50:24 172.777 INF [RoadShapeFix] Tile 2/20: No change needed at 54, 14 in rural
2025-12-23T17:50:24 172.777 INF [RoadShapeFix] === Analyzing tile at 53, 13 in rural ===
2025-12-23T17:50:24 172.777 INF [RoadShapeFix]   Current exits: 5 (straight)
2025-12-23T17:50:24 172.778 INF [RoadShapeFix]   North: Neighbor at 53, 14, SameTownship=True, InStreets=True, District=residential
2025-12-23T17:50:24 172.778 INF [RoadShapeFix]   North: EXIT CREATED
2025-12-23T17:50:24 172.778 INF [RoadShapeFix]   East: Neighbor at 54, 13, SameTownship=False, InStreets=False, District=null
2025-12-23T17:50:24 172.778 INF [RoadShapeFix]   South: Neighbor at 53, 12, SameTownship=True, InStreets=True, District=gateway
2025-12-23T17:50:24 172.778 INF [RoadShapeFix]   South: EXIT CREATED
2025-12-23T17:50:24 172.778 INF [RoadShapeFix]   West: Neighbor at 52, 13, SameTownship=False, InStreets=False, District=null
2025-12-23T17:50:24 172.779 INF [RoadShapeFix]   New exits: 5 (straight)
2025-12-23T17:50:24 172.779 INF [RoadShapeFix] Tile 3/20: No change needed at 53, 13 in rural
2025-12-23T17:50:24 172.779 INF [RoadShapeFix] --- Township 19: 19 tiles ---
2025-12-23T17:50:24 172.779 INF [RoadShapeFix] === Analyzing tile at 12, 43 in rural ===
2025-12-23T17:50:24 172.779 INF [RoadShapeFix]   Current exits: 5 (straight)
2025-12-23T17:50:24 172.779 INF [RoadShapeFix]   North: Neighbor at 12, 44, SameTownship=True, InStreets=True, District=gateway
2025-12-23T17:50:24 172.780 INF [RoadShapeFix]   North: EXIT CREATED
2025-12-23T17:50:24 172.780 INF [RoadShapeFix]   East: Neighbor at 13, 43, SameTownship=False, InStreets=False, District=null
2025-12-23T17:50:24 172.780 INF [RoadShapeFix]   South: Neighbor at 12, 42, SameTownship=True, InStreets=True, District=commercial
2025-12-23T17:50:24 172.780 INF [RoadShapeFix]   South: EXIT CREATED
2025-12-23T17:50:24 172.780 INF [RoadShapeFix]   West: Neighbor at 11, 43, SameTownship=False, InStreets=False, District=null
2025-12-23T17:50:24 172.781 INF [RoadShapeFix]   New exits: 5 (straight)
2025-12-23T17:50:24 172.781 INF [RoadShapeFix] Tile 1/19: No change needed at 12, 43 in rural
2025-12-23T17:50:24 172.781 INF [RoadShapeFix] === Analyzing tile at 13, 42 in rural ===
2025-12-23T17:50:24 172.781 INF [RoadShapeFix]   Current exits: 12 (unknown(12))
2025-12-23T17:50:24 172.781 INF [RoadShapeFix]   North: Neighbor at 13, 43, SameTownship=False, InStreets=False, District=null
2025-12-23T17:50:24 172.781 INF [RoadShapeFix]   East: Neighbor at 14, 42, SameTownship=False, InStreets=False, District=null
2025-12-23T17:50:24 172.782 INF [RoadShapeFix]   South: Neighbor at 13, 41, SameTownship=True, InStreets=True, District=industrial
2025-12-23T17:50:24 172.782 INF [RoadShapeFix]   South: EXIT CREATED
2025-12-23T17:50:24 172.782 INF [RoadShapeFix]   West: Neighbor at 12, 42, SameTownship=True, InStreets=True, District=commercial
2025-12-23T17:50:24 172.782 INF [RoadShapeFix]   West: EXIT CREATED
2025-12-23T17:50:24 172.782 INF [RoadShapeFix]   New exits: 12 (unknown(12))
2025-12-23T17:50:24 172.782 INF [RoadShapeFix] Tile 2/19: No change needed at 13, 42 in rural
2025-12-23T17:50:24 172.783 INF [RoadShapeFix] === Analyzing tile at 11, 42 in rural ===
2025-12-23T17:50:24 172.783 INF [RoadShapeFix]   Current exits: 6 (corner)
2025-12-23T17:50:24 172.783 INF [RoadShapeFix]   North: Neighbor at 11, 43, SameTownship=False, InStreets=False, District=null
2025-12-23T17:50:24 172.783 INF [RoadShapeFix]   East: Neighbor at 12, 42, SameTownship=True, InStreets=True, District=commercial
2025-12-23T17:50:24 172.783 INF [RoadShapeFix]   East: EXIT CREATED
2025-12-23T17:50:24 172.783 INF [RoadShapeFix]   South: Neighbor at 11, 41, SameTownship=True, InStreets=True, District=industrial
2025-12-23T17:50:24 172.784 INF [RoadShapeFix]   South: EXIT CREATED
2025-12-23T17:50:24 172.784 INF [RoadShapeFix]   West: Neighbor at 10, 42, SameTownship=False, InStreets=False, District=null
2025-12-23T17:50:24 172.784 INF [RoadShapeFix]   New exits: 6 (corner)
2025-12-23T17:50:24 172.784 INF [RoadShapeFix] Tile 3/19: No change needed at 11, 42 in rural
2025-12-23T17:50:24 172.784 INF [RoadShapeFix] --- Township 20: 13 tiles ---
2025-12-23T17:50:24 172.784 INF [RoadShapeFix] === Analyzing tile at 62, 20 in rural ===
2025-12-23T17:50:24 172.785 INF [RoadShapeFix]   Current exits: 7 (t)
2025-12-23T17:50:24 172.785 INF [RoadShapeFix]   North: Neighbor at 62, 21, SameTownship=True, InStreets=True, District=gateway
2025-12-23T17:50:24 172.785 INF [RoadShapeFix]   North: EXIT CREATED
2025-12-23T17:50:24 172.785 INF [RoadShapeFix]   East: Neighbor at 63, 20, SameTownship=True, InStreets=True, District=gateway
2025-12-23T17:50:24 172.785 INF [RoadShapeFix]   East: EXIT CREATED
2025-12-23T17:50:24 172.785 INF [RoadShapeFix]   South: Neighbor at 62, 19, SameTownship=True, InStreets=True, District=countryresidential
2025-12-23T17:50:24 172.785 INF [RoadShapeFix]   South: EXIT CREATED
2025-12-23T17:50:24 172.786 INF [RoadShapeFix]   West: Neighbor at 61, 20, SameTownship=False, InStreets=False, District=wilderness
2025-12-23T17:50:24 172.786 INF [RoadShapeFix]   New exits: 7 (t)
2025-12-23T17:50:24 172.786 INF [RoadShapeFix] Tile 1/13: No change needed at 62, 20 in rural
2025-12-23T17:50:24 172.786 INF [RoadShapeFix] === Analyzing tile at 61, 19 in rural ===
2025-12-23T17:50:24 172.786 INF [RoadShapeFix]   Current exits: 6 (corner)
2025-12-23T17:50:24 172.786 INF [RoadShapeFix]   North: Neighbor at 61, 20, SameTownship=False, InStreets=False, District=wilderness
2025-12-23T17:50:24 172.787 INF [RoadShapeFix]   East: Neighbor at 62, 19, SameTownship=True, InStreets=True, District=countryresidential
2025-12-23T17:50:24 172.787 INF [RoadShapeFix]   East: EXIT CREATED
2025-12-23T17:50:24 172.787 INF [RoadShapeFix]   South: Neighbor at 61, 18, SameTownship=True, InStreets=True, District=countryresidential
2025-12-23T17:50:24 172.787 INF [RoadShapeFix]   South: EXIT CREATED
2025-12-23T17:50:24 172.787 INF [RoadShapeFix]   West: Neighbor at 60, 19, SameTownship=False, InStreets=False, District=null
2025-12-23T17:50:24 172.787 INF [RoadShapeFix]   New exits: 6 (corner)
2025-12-23T17:50:24 172.787 INF [RoadShapeFix] Tile 2/13: No change needed at 61, 19 in rural
2025-12-23T17:50:24 172.788 INF [RoadShapeFix] === Analyzing tile at 62, 16 in rural ===
2025-12-23T17:50:24 172.788 INF [RoadShapeFix]   Current exits: 13 (unknown(13))
2025-12-23T17:50:24 172.788 INF [RoadShapeFix]   North: Neighbor at 62, 17, SameTownship=True, InStreets=True, District=countrytown
2025-12-23T17:50:24 172.788 INF [RoadShapeFix]   North: EXIT CREATED
2025-12-23T17:50:24 172.788 INF [RoadShapeFix]   East: Neighbor at 63, 16, SameTownship=False, InStreets=False, District=wilderness
2025-12-23T17:50:24 172.789 INF [RoadShapeFix]   South: Neighbor at 62, 15, SameTownship=True, InStreets=True, District=gateway
2025-12-23T17:50:24 172.789 INF [RoadShapeFix]   South: EXIT CREATED
2025-12-23T17:50:24 172.789 INF [RoadShapeFix]   West: Neighbor at 61, 16, SameTownship=True, InStreets=True, District=gateway
2025-12-23T17:50:24 172.789 INF [RoadShapeFix]   West: EXIT CREATED
2025-12-23T17:50:24 172.789 INF [RoadShapeFix]   New exits: 13 (unknown(13))
2025-12-23T17:50:24 172.789 INF [RoadShapeFix] Tile 3/13: No change needed at 62, 16 in rural
2025-12-23T17:50:24 172.790 INF [RoadShapeFix] --- Township 21: 14 tiles ---
2025-12-23T17:50:24 172.790 INF [RoadShapeFix] === Analyzing tile at 17, 70 in rural ===
2025-12-23T17:50:24 172.790 INF [RoadShapeFix]   Current exits: 3 (unknown(3))
2025-12-23T17:50:24 172.790 INF [RoadShapeFix]   North: Neighbor at 17, 71, SameTownship=True, InStreets=True, District=countrytown
2025-12-23T17:50:24 172.790 INF [RoadShapeFix]   North: EXIT CREATED
2025-12-23T17:50:24 172.790 INF [RoadShapeFix]   East: Neighbor at 18, 70, SameTownship=True, InStreets=True, District=gateway
2025-12-23T17:50:24 172.791 INF [RoadShapeFix]   East: EXIT CREATED
2025-12-23T17:50:24 172.791 INF [RoadShapeFix]   South: Neighbor at 17, 69, SameTownship=False, InStreets=False, District=wilderness
2025-12-23T17:50:24 172.791 INF [RoadShapeFix]   West: Neighbor at 16, 70, SameTownship=False, InStreets=False, District=null
2025-12-23T17:50:24 172.791 INF [RoadShapeFix]   New exits: 3 (unknown(3))
2025-12-23T17:50:24 172.791 INF [RoadShapeFix] Tile 1/14: No change needed at 17, 70 in rural
2025-12-23T17:50:24 172.791 INF [RoadShapeFix] === Analyzing tile at 16, 73 in rural ===
2025-12-23T17:50:24 172.792 INF [RoadShapeFix]   Current exits: 14 (unknown(14))
2025-12-23T17:50:24 172.792 INF [RoadShapeFix]   North: Neighbor at 16, 74, SameTownship=False, InStreets=False, District=wilderness
2025-12-23T17:50:24 172.792 INF [RoadShapeFix]   East: Neighbor at 17, 73, SameTownship=True, InStreets=True, District=countrytown
2025-12-23T17:50:24 172.792 INF [RoadShapeFix]   East: EXIT CREATED
2025-12-23T17:50:24 172.792 INF [RoadShapeFix]   South: Neighbor at 16, 72, SameTownship=True, InStreets=True, District=countryresidential
2025-12-23T17:50:24 172.792 INF [RoadShapeFix]   South: EXIT CREATED
2025-12-23T17:50:24 172.792 INF [RoadShapeFix]   West: Neighbor at 15, 73, SameTownship=True, InStreets=True, District=gateway
2025-12-23T17:50:24 172.793 INF [RoadShapeFix]   West: EXIT CREATED
2025-12-23T17:50:24 172.793 INF [RoadShapeFix]   New exits: 14 (unknown(14))
2025-12-23T17:50:24 172.793 INF [RoadShapeFix] Tile 2/14: No change needed at 16, 73 in rural
2025-12-23T17:50:24 172.793 INF [RoadShapeFix] === Analyzing tile at 17, 74 in rural ===
2025-12-23T17:50:24 172.793 INF [RoadShapeFix]   Current exits: 5 (straight)
2025-12-23T17:50:24 172.793 INF [RoadShapeFix]   North: Neighbor at 17, 75, SameTownship=True, InStreets=True, District=gateway
2025-12-23T17:50:24 172.794 INF [RoadShapeFix]   North: EXIT CREATED
2025-12-23T17:50:24 172.794 INF [RoadShapeFix]   East: Neighbor at 18, 74, SameTownship=False, InStreets=False, District=null
2025-12-23T17:50:24 172.794 INF [RoadShapeFix]   South: Neighbor at 17, 73, SameTownship=True, InStreets=True, District=countrytown
2025-12-23T17:50:24 172.794 INF [RoadShapeFix]   South: EXIT CREATED
2025-12-23T17:50:24 172.794 INF [RoadShapeFix]   West: Neighbor at 16, 74, SameTownship=False, InStreets=False, District=wilderness
2025-12-23T17:50:24 172.794 INF [RoadShapeFix]   New exits: 5 (straight)
2025-12-23T17:50:24 172.794 INF [RoadShapeFix] Tile 3/14: No change needed at 17, 74 in rural
2025-12-23T17:50:24 172.795 INF [RoadShapeFix] --- Township 22: 12 tiles ---
2025-12-23T17:50:24 172.795 INF [RoadShapeFix] === Analyzing tile at 43, 50 in rural ===
2025-12-23T17:50:24 172.795 INF [RoadShapeFix]   Current exits: 13 (unknown(13))
2025-12-23T17:50:24 172.795 INF [RoadShapeFix]   North: Neighbor at 43, 51, SameTownship=True, InStreets=True, District=countrytown
2025-12-23T17:50:24 172.795 INF [RoadShapeFix]   North: EXIT CREATED
2025-12-23T17:50:24 172.796 INF [RoadShapeFix]   East: Neighbor at 44, 50, SameTownship=False, InStreets=False, District=null
2025-12-23T17:50:24 172.796 INF [RoadShapeFix]   South: Neighbor at 43, 49, SameTownship=True, InStreets=True, District=gateway
2025-12-23T17:50:24 172.796 INF [RoadShapeFix]   South: EXIT CREATED
2025-12-23T17:50:24 172.796 INF [RoadShapeFix]   West: Neighbor at 42, 50, SameTownship=True, InStreets=True, District=gateway
2025-12-23T17:50:24 172.796 INF [RoadShapeFix]   West: EXIT CREATED
2025-12-23T17:50:24 172.797 INF [RoadShapeFix]   New exits: 13 (unknown(13))
2025-12-23T17:50:24 172.797 INF [RoadShapeFix] Tile 1/12: No change needed at 43, 50 in rural
2025-12-23T17:50:24 172.797 INF [RoadShapeFix] === Analyzing tile at 42, 53 in rural ===
2025-12-23T17:50:24 172.797 INF [RoadShapeFix]   Current exits: 6 (corner)
2025-12-23T17:50:24 172.797 INF [RoadShapeFix]   North: Neighbor at 42, 54, SameTownship=False, InStreets=False, District=null
2025-12-23T17:50:24 172.797 INF [RoadShapeFix]   East: Neighbor at 43, 53, SameTownship=True, InStreets=True, District=countryresidential
2025-12-23T17:50:24 172.798 INF [RoadShapeFix]   East: EXIT CREATED
2025-12-23T17:50:24 172.798 INF [RoadShapeFix]   South: Neighbor at 42, 52, SameTownship=True, InStreets=True, District=countryresidential
2025-12-23T17:50:24 172.798 INF [RoadShapeFix]   South: EXIT CREATED
2025-12-23T17:50:24 172.798 INF [RoadShapeFix]   West: Neighbor at 41, 53, SameTownship=False, InStreets=False, District=null
2025-12-23T17:50:24 172.798 INF [RoadShapeFix]   New exits: 6 (corner)
2025-12-23T17:50:24 172.799 INF [RoadShapeFix] Tile 2/12: No change needed at 42, 53 in rural
2025-12-23T17:50:24 172.799 INF [RoadShapeFix] === Analyzing tile at 43, 54 in rural ===
2025-12-23T17:50:24 172.799 INF [RoadShapeFix]   Current exits: 6 (corner)
2025-12-23T17:50:24 172.799 INF [RoadShapeFix]   North: Neighbor at 43, 55, SameTownship=False, InStreets=False, District=null
2025-12-23T17:50:24 172.799 INF [RoadShapeFix]   East: Neighbor at 44, 54, SameTownship=True, InStreets=True, District=gateway
2025-12-23T17:50:24 172.799 INF [RoadShapeFix]   East: EXIT CREATED
2025-12-23T17:50:24 172.800 INF [RoadShapeFix]   South: Neighbor at 43, 53, SameTownship=True, InStreets=True, District=countryresidential
2025-12-23T17:50:24 172.800 INF [RoadShapeFix]   South: EXIT CREATED
2025-12-23T17:50:24 172.800 INF [RoadShapeFix]   West: Neighbor at 42, 54, SameTownship=False, InStreets=False, District=null
2025-12-23T17:50:24 172.800 INF [RoadShapeFix]   New exits: 6 (corner)
2025-12-23T17:50:24 172.800 INF [RoadShapeFix] Tile 3/12: No change needed at 43, 54 in rural
2025-12-23T17:50:24 172.800 INF [RoadShapeFix] --- Township 23: 13 tiles ---
2025-12-23T17:50:24 172.801 INF [RoadShapeFix] === Analyzing tile at 39, 17 in rural ===
2025-12-23T17:50:24 172.801 INF [RoadShapeFix]   Current exits: 13 (unknown(13))
2025-12-23T17:50:24 172.801 INF [RoadShapeFix]   North: Neighbor at 39, 18, SameTownship=True, InStreets=True, District=gateway
2025-12-23T17:50:24 172.801 INF [RoadShapeFix]   North: EXIT CREATED
2025-12-23T17:50:24 172.801 INF [RoadShapeFix]   East: Neighbor at 40, 17, SameTownship=False, InStreets=False, District=null
2025-12-23T17:50:24 172.801 INF [RoadShapeFix]   South: Neighbor at 39, 16, SameTownship=True, InStreets=True, District=countrytown
2025-12-23T17:50:24 172.801 INF [RoadShapeFix]   South: EXIT CREATED
2025-12-23T17:50:24 172.802 INF [RoadShapeFix]   West: Neighbor at 38, 17, SameTownship=True, InStreets=True, District=countryresidential
2025-12-23T17:50:24 172.802 INF [RoadShapeFix]   West: EXIT CREATED
2025-12-23T17:50:24 172.802 INF [RoadShapeFix]   New exits: 13 (unknown(13))
2025-12-23T17:50:24 172.802 INF [RoadShapeFix] Tile 1/13: No change needed at 39, 17 in rural
2025-12-23T17:50:24 172.802 INF [RoadShapeFix] === Analyzing tile at 40, 16 in rural ===
2025-12-23T17:50:24 172.802 INF [RoadShapeFix]   Current exits: 14 (unknown(14))
2025-12-23T17:50:24 172.803 INF [RoadShapeFix]   North: Neighbor at 40, 17, SameTownship=False, InStreets=False, District=null
2025-12-23T17:50:24 172.803 INF [RoadShapeFix]   East: Neighbor at 41, 16, SameTownship=True, InStreets=True, District=gateway
2025-12-23T17:50:24 172.803 INF [RoadShapeFix]   East: EXIT CREATED
2025-12-23T17:50:24 172.803 INF [RoadShapeFix]   South: Neighbor at 40, 15, SameTownship=True, InStreets=True, District=gateway
2025-12-23T17:50:24 172.803 INF [RoadShapeFix]   South: EXIT CREATED
2025-12-23T17:50:24 172.803 INF [RoadShapeFix]   West: Neighbor at 39, 16, SameTownship=True, InStreets=True, District=countrytown
2025-12-23T17:50:24 172.804 INF [RoadShapeFix]   West: EXIT CREATED
2025-12-23T17:50:24 172.804 INF [RoadShapeFix]   New exits: 14 (unknown(14))
2025-12-23T17:50:24 172.804 INF [RoadShapeFix] Tile 2/13: No change needed at 40, 16 in rural
2025-12-23T17:50:24 172.804 INF [RoadShapeFix] === Analyzing tile at 38, 14 in rural ===
2025-12-23T17:50:24 172.804 INF [RoadShapeFix]   Current exits: 9 (unknown(9))
2025-12-23T17:50:24 172.804 INF [RoadShapeFix]   North: Neighbor at 38, 15, SameTownship=True, InStreets=True, District=countryresidential
2025-12-23T17:50:24 172.805 INF [RoadShapeFix]   North: EXIT CREATED
2025-12-23T17:50:24 172.805 INF [RoadShapeFix]   East: Neighbor at 39, 14, SameTownship=False, InStreets=False, District=null
2025-12-23T17:50:24 172.805 INF [RoadShapeFix]   South: Neighbor at 38, 13, SameTownship=False, InStreets=False, District=null
2025-12-23T17:50:24 172.805 INF [RoadShapeFix]   West: Neighbor at 37, 14, SameTownship=True, InStreets=True, District=gateway
2025-12-23T17:50:24 172.805 INF [RoadShapeFix]   West: EXIT CREATED
2025-12-23T17:50:24 172.805 INF [RoadShapeFix]   New exits: 9 (unknown(9))
2025-12-23T17:50:24 172.805 INF [RoadShapeFix] Tile 3/13: No change needed at 38, 14 in rural
2025-12-23T17:50:24 172.806 INF [RoadShapeFix] --- Township 24: 13 tiles ---
2025-12-23T17:50:24 172.806 INF [RoadShapeFix] === Analyzing tile at 10, 29 in rural ===
2025-12-23T17:50:24 172.806 INF [RoadShapeFix]   Current exits: 13 (unknown(13))
2025-12-23T17:50:24 172.806 INF [RoadShapeFix]   North: Neighbor at 10, 30, SameTownship=True, InStreets=True, District=gateway
2025-12-23T17:50:24 172.806 INF [RoadShapeFix]   North: EXIT CREATED
2025-12-23T17:50:24 172.806 INF [RoadShapeFix]   East: Neighbor at 11, 29, SameTownship=False, InStreets=False, District=null
2025-12-23T17:50:24 172.807 INF [RoadShapeFix]   South: Neighbor at 10, 28, SameTownship=True, InStreets=True, District=countrytown
2025-12-23T17:50:24 172.807 INF [RoadShapeFix]   South: EXIT CREATED
2025-12-23T17:50:24 172.807 INF [RoadShapeFix]   West: Neighbor at 9, 29, SameTownship=True, InStreets=True, District=countryresidential
2025-12-23T17:50:24 172.807 INF [RoadShapeFix]   West: EXIT CREATED
2025-12-23T17:50:24 172.807 INF [RoadShapeFix]   New exits: 13 (unknown(13))
2025-12-23T17:50:24 172.807 INF [RoadShapeFix] Tile 1/13: No change needed at 10, 29 in rural
2025-12-23T17:50:24 172.808 INF [RoadShapeFix] === Analyzing tile at 11, 28 in rural ===
2025-12-23T17:50:24 172.808 INF [RoadShapeFix]   Current exits: 14 (unknown(14))
2025-12-23T17:50:24 172.808 INF [RoadShapeFix]   North: Neighbor at 11, 29, SameTownship=False, InStreets=False, District=null
2025-12-23T17:50:24 172.808 INF [RoadShapeFix]   East: Neighbor at 12, 28, SameTownship=True, InStreets=True, District=gateway
2025-12-23T17:50:24 172.808 INF [RoadShapeFix]   East: EXIT CREATED
2025-12-23T17:50:24 172.808 INF [RoadShapeFix]   South: Neighbor at 11, 27, SameTownship=True, InStreets=True, District=gateway
2025-12-23T17:50:24 172.808 INF [RoadShapeFix]   South: EXIT CREATED
2025-12-23T17:50:24 172.809 INF [RoadShapeFix]   West: Neighbor at 10, 28, SameTownship=True, InStreets=True, District=countrytown
2025-12-23T17:50:24 172.809 INF [RoadShapeFix]   West: EXIT CREATED
2025-12-23T17:50:24 172.809 INF [RoadShapeFix]   New exits: 14 (unknown(14))
2025-12-23T17:50:24 172.809 INF [RoadShapeFix] Tile 2/13: No change needed at 11, 28 in rural
2025-12-23T17:50:24 172.809 INF [RoadShapeFix] === Analyzing tile at 9, 26 in rural ===
2025-12-23T17:50:24 172.809 INF [RoadShapeFix]   Current exits: 9 (unknown(9))
2025-12-23T17:50:24 172.810 INF [RoadShapeFix]   North: Neighbor at 9, 27, SameTownship=True, InStreets=True, District=countryresidential
2025-12-23T17:50:24 172.810 INF [RoadShapeFix]   North: EXIT CREATED
2025-12-23T17:50:24 172.810 INF [RoadShapeFix]   East: Neighbor at 10, 26, SameTownship=False, InStreets=False, District=null
2025-12-23T17:50:24 172.810 INF [RoadShapeFix]   South: Neighbor at 9, 25, SameTownship=False, InStreets=False, District=null
2025-12-23T17:50:24 172.810 INF [RoadShapeFix]   West: Neighbor at 8, 26, SameTownship=True, InStreets=True, District=gateway
2025-12-23T17:50:24 172.810 INF [RoadShapeFix]   West: EXIT CREATED
2025-12-23T17:50:24 172.811 INF [RoadShapeFix]   New exits: 9 (unknown(9))
2025-12-23T17:50:24 172.811 INF [RoadShapeFix] Tile 3/13: No change needed at 9, 26 in rural
2025-12-23T17:50:24 172.811 INF [RoadShapeFix] --- Township 25: 13 tiles ---
2025-12-23T17:50:24 172.811 INF [RoadShapeFix] === Analyzing tile at 38, 71 in rural ===
2025-12-23T17:50:24 172.811 INF [RoadShapeFix]   Current exits: 11 (unknown(11))
2025-12-23T17:50:24 172.812 INF [RoadShapeFix]   North: Neighbor at 38, 72, SameTownship=True, InStreets=True, District=countryresidential
2025-12-23T17:50:24 172.812 INF [RoadShapeFix]   North: EXIT CREATED
2025-12-23T17:50:24 172.812 INF [RoadShapeFix]   East: Neighbor at 39, 71, SameTownship=True, InStreets=True, District=countryresidential
2025-12-23T17:50:24 172.812 INF [RoadShapeFix]   East: EXIT CREATED
2025-12-23T17:50:24 172.812 INF [RoadShapeFix]   South: Neighbor at 38, 70, SameTownship=False, InStreets=False, District=null
2025-12-23T17:50:24 172.812 INF [RoadShapeFix]   West: Neighbor at 37, 71, SameTownship=True, InStreets=True, District=gateway
2025-12-23T17:50:24 172.812 INF [RoadShapeFix]   West: EXIT CREATED
2025-12-23T17:50:24 172.813 INF [RoadShapeFix]   New exits: 11 (unknown(11))
2025-12-23T17:50:24 172.813 INF [RoadShapeFix] Tile 1/13: No change needed at 38, 71 in rural
2025-12-23T17:50:24 172.813 INF [RoadShapeFix] === Analyzing tile at 39, 74 in rural ===
2025-12-23T17:50:24 172.813 INF [RoadShapeFix]   Current exits: 7 (t)
2025-12-23T17:50:24 172.813 INF [RoadShapeFix]   North: Neighbor at 39, 75, SameTownship=True, InStreets=True, District=gateway
2025-12-23T17:50:24 172.814 INF [RoadShapeFix]   North: EXIT CREATED
2025-12-23T17:50:24 172.814 INF [RoadShapeFix]   East: Neighbor at 40, 74, SameTownship=True, InStreets=True, District=gateway
2025-12-23T17:50:24 172.814 INF [RoadShapeFix]   East: EXIT CREATED
2025-12-23T17:50:24 172.814 INF [RoadShapeFix]   South: Neighbor at 39, 73, SameTownship=True, InStreets=True, District=countrytown
2025-12-23T17:50:24 172.814 INF [RoadShapeFix]   South: EXIT CREATED
2025-12-23T17:50:24 172.815 INF [RoadShapeFix]   West: Neighbor at 38, 74, SameTownship=False, InStreets=False, District=null
2025-12-23T17:50:24 172.815 INF [RoadShapeFix]   New exits: 7 (t)
2025-12-23T17:50:24 172.815 INF [RoadShapeFix] Tile 2/13: No change needed at 39, 74 in rural
2025-12-23T17:50:24 172.815 INF [RoadShapeFix] === Analyzing tile at 41, 72 in rural ===
2025-12-23T17:50:24 172.816 INF [RoadShapeFix]   Current exits: 12 (unknown(12))
2025-12-23T17:50:24 172.816 INF [RoadShapeFix]   North: Neighbor at 41, 73, SameTownship=False, InStreets=False, District=null
2025-12-23T17:50:24 172.816 INF [RoadShapeFix]   East: Neighbor at 42, 72, SameTownship=False, InStreets=False, District=null
2025-12-23T17:50:24 172.816 INF [RoadShapeFix]   South: Neighbor at 41, 71, SameTownship=True, InStreets=True, District=gateway
2025-12-23T17:50:24 172.816 INF [RoadShapeFix]   South: EXIT CREATED
2025-12-23T17:50:24 172.816 INF [RoadShapeFix]   West: Neighbor at 40, 72, SameTownship=True, InStreets=True, District=countrytown
2025-12-23T17:50:24 172.817 INF [RoadShapeFix]   West: EXIT CREATED
2025-12-23T17:50:24 172.817 INF [RoadShapeFix]   New exits: 12 (unknown(12))
2025-12-23T17:50:24 172.817 INF [RoadShapeFix] Tile 3/13: No change needed at 41, 72 in rural
2025-12-23T17:50:24 172.817 INF [RoadShapeFix] --- Township 26: 13 tiles ---
2025-12-23T17:50:24 172.817 INF [RoadShapeFix] === Analyzing tile at 30, 34 in rural ===
2025-12-23T17:50:24 172.817 INF [RoadShapeFix]   Current exits: 15 (intersection)
2025-12-23T17:50:24 172.818 INF [RoadShapeFix]   North: Neighbor at 30, 35, SameTownship=True, InStreets=True, District=countryresidential
2025-12-23T17:50:24 172.818 INF [RoadShapeFix]   North: EXIT CREATED
2025-12-23T17:50:24 172.818 INF [RoadShapeFix]   East: Neighbor at 31, 34, SameTownship=True, InStreets=True, District=gateway
2025-12-23T17:50:24 172.818 INF [RoadShapeFix]   East: EXIT CREATED
2025-12-23T17:50:24 172.818 INF [RoadShapeFix]   South: Neighbor at 30, 33, SameTownship=True, InStreets=True, District=gateway
2025-12-23T17:50:24 172.818 INF [RoadShapeFix]   South: EXIT CREATED
2025-12-23T17:50:24 172.819 INF [RoadShapeFix]   West: Neighbor at 29, 34, SameTownship=True, InStreets=True, District=gateway
2025-12-23T17:50:24 172.819 INF [RoadShapeFix]   West: EXIT CREATED
2025-12-23T17:50:24 172.819 INF [RoadShapeFix]   New exits: 15 (intersection)
2025-12-23T17:50:24 172.819 INF [RoadShapeFix] Tile 1/13: No change needed at 30, 34 in rural
2025-12-23T17:50:24 172.819 INF [RoadShapeFix] === Analyzing tile at 29, 37 in rural ===
2025-12-23T17:50:24 172.819 INF [RoadShapeFix]   Current exits: 6 (corner)
2025-12-23T17:50:24 172.820 INF [RoadShapeFix]   North: Neighbor at 29, 38, SameTownship=False, InStreets=False, District=wilderness
2025-12-23T17:50:24 172.820 INF [RoadShapeFix]   East: Neighbor at 30, 37, SameTownship=True, InStreets=True, District=countryresidential
2025-12-23T17:50:24 172.820 INF [RoadShapeFix]   East: EXIT CREATED
2025-12-23T17:50:24 172.820 INF [RoadShapeFix]   South: Neighbor at 29, 36, SameTownship=True, InStreets=True, District=countrytown
2025-12-23T17:50:24 172.821 INF [RoadShapeFix]   South: EXIT CREATED
2025-12-23T17:50:24 172.821 INF [RoadShapeFix]   West: Neighbor at 28, 37, SameTownship=False, InStreets=False, District=null
2025-12-23T17:50:24 172.821 INF [RoadShapeFix]   New exits: 6 (corner)
2025-12-23T17:50:24 172.821 INF [RoadShapeFix] Tile 2/13: No change needed at 29, 37 in rural
2025-12-23T17:50:24 172.821 INF [RoadShapeFix] === Analyzing tile at 30, 38 in rural ===
2025-12-23T17:50:24 172.821 INF [RoadShapeFix]   Current exits: 5 (straight)
2025-12-23T17:50:24 172.822 INF [RoadShapeFix]   North: Neighbor at 30, 39, SameTownship=True, InStreets=True, District=gateway
2025-12-23T17:50:24 172.822 INF [RoadShapeFix]   North: EXIT CREATED
2025-12-23T17:50:24 172.822 INF [RoadShapeFix]   East: Neighbor at 31, 38, SameTownship=False, InStreets=False, District=wilderness
2025-12-23T17:50:24 172.822 INF [RoadShapeFix]   South: Neighbor at 30, 37, SameTownship=True, InStreets=True, District=countryresidential
2025-12-23T17:50:24 172.822 INF [RoadShapeFix]   South: EXIT CREATED
2025-12-23T17:50:24 172.822 INF [RoadShapeFix]   West: Neighbor at 29, 38, SameTownship=False, InStreets=False, District=wilderness
2025-12-23T17:50:24 172.823 INF [RoadShapeFix]   New exits: 5 (straight)
2025-12-23T17:50:24 172.823 INF [RoadShapeFix] Tile 3/13: No change needed at 30, 38 in rural
2025-12-23T17:50:24 172.823 INF [RoadShapeFix] --- Township 27: 10 tiles ---
2025-12-23T17:50:24 172.823 INF [RoadShapeFix] === Analyzing tile at 45, 27 in forest_rural ===
2025-12-23T17:50:24 172.823 INF [RoadShapeFix]   Current exits: 9 (unknown(9))
2025-12-23T17:50:24 172.823 INF [RoadShapeFix]   North: Neighbor at 45, 28, SameTownship=True, InStreets=True, District=countrytown
2025-12-23T17:50:24 172.824 INF [RoadShapeFix]   North: EXIT CREATED
2025-12-23T17:50:24 172.824 INF [RoadShapeFix]   East: Neighbor at 46, 27, SameTownship=False, InStreets=False, District=wilderness
2025-12-23T17:50:24 172.824 INF [RoadShapeFix]   South: Neighbor at 45, 26, SameTownship=False, InStreets=False, District=null
2025-12-23T17:50:24 172.824 INF [RoadShapeFix]   West: Neighbor at 44, 27, SameTownship=True, InStreets=True, District=gateway
2025-12-23T17:50:24 172.824 INF [RoadShapeFix]   West: EXIT CREATED
2025-12-23T17:50:24 172.824 INF [RoadShapeFix]   New exits: 9 (unknown(9))
2025-12-23T17:50:24 172.825 INF [RoadShapeFix] Tile 1/10: No change needed at 45, 27 in forest_rural
2025-12-23T17:50:24 172.825 INF [RoadShapeFix] === Analyzing tile at 47, 29 in forest_rural ===
2025-12-23T17:50:24 172.825 INF [RoadShapeFix]   Current exits: 13 (unknown(13))
2025-12-23T17:50:24 172.825 INF [RoadShapeFix]   North: Neighbor at 47, 30, SameTownship=True, InStreets=True, District=gateway
2025-12-23T17:50:24 172.825 INF [RoadShapeFix]   North: EXIT CREATED
2025-12-23T17:50:24 172.825 INF [RoadShapeFix]   East: Neighbor at 48, 29, SameTownship=False, InStreets=False, District=null
2025-12-23T17:50:24 172.826 INF [RoadShapeFix]   South: Neighbor at 47, 28, SameTownship=True, InStreets=True, District=countrytown
2025-12-23T17:50:24 172.826 INF [RoadShapeFix]   South: EXIT CREATED
2025-12-23T17:50:24 172.826 INF [RoadShapeFix]   West: Neighbor at 46, 29, SameTownship=True, InStreets=True, District=countryresidential
2025-12-23T17:50:24 172.826 INF [RoadShapeFix]   West: EXIT CREATED
2025-12-23T17:50:24 172.827 INF [RoadShapeFix]   New exits: 13 (unknown(13))
2025-12-23T17:50:24 172.827 INF [RoadShapeFix] Tile 2/10: No change needed at 47, 29 in forest_rural
2025-12-23T17:50:24 172.827 INF [RoadShapeFix] === Analyzing tile at 47, 27 in forest_rural ===
2025-12-23T17:50:24 172.827 INF [RoadShapeFix]   Current exits: 3 (unknown(3))
2025-12-23T17:50:24 172.827 INF [RoadShapeFix]   North: Neighbor at 47, 28, SameTownship=True, InStreets=True, District=countrytown
2025-12-23T17:50:24 172.828 INF [RoadShapeFix]   North: EXIT CREATED
2025-12-23T17:50:24 172.828 INF [RoadShapeFix]   East: Neighbor at 48, 27, SameTownship=True, InStreets=True, District=gateway
2025-12-23T17:50:24 172.828 INF [RoadShapeFix]   East: EXIT CREATED
2025-12-23T17:50:24 172.828 INF [RoadShapeFix]   South: Neighbor at 47, 26, SameTownship=False, InStreets=False, District=null
2025-12-23T17:50:24 172.828 INF [RoadShapeFix]   West: Neighbor at 46, 27, SameTownship=False, InStreets=False, District=wilderness
2025-12-23T17:50:24 172.829 INF [RoadShapeFix]   New exits: 3 (unknown(3))
2025-12-23T17:50:24 172.829 INF [RoadShapeFix] Tile 3/10: No change needed at 47, 27 in forest_rural
2025-12-23T17:50:24 172.829 INF [RoadShapeFix] --- Township 28: 12 tiles ---
2025-12-23T17:50:24 172.829 INF [RoadShapeFix] === Analyzing tile at 38, 49 in forest_rural ===
2025-12-23T17:50:24 172.829 INF [RoadShapeFix]   Current exits: 15 (intersection)
2025-12-23T17:50:24 172.829 INF [RoadShapeFix]   North: Neighbor at 38, 50, SameTownship=True, InStreets=True, District=countryresidential
2025-12-23T17:50:24 172.830 INF [RoadShapeFix]   North: EXIT CREATED
2025-12-23T17:50:24 172.830 INF [RoadShapeFix]   East: Neighbor at 39, 49, SameTownship=True, InStreets=True, District=gateway
2025-12-23T17:50:24 172.830 INF [RoadShapeFix]   East: EXIT CREATED
2025-12-23T17:50:24 172.830 INF [RoadShapeFix]   South: Neighbor at 38, 48, SameTownship=True, InStreets=True, District=gateway
2025-12-23T17:50:24 172.830 INF [RoadShapeFix]   South: EXIT CREATED
2025-12-23T17:50:24 172.830 INF [RoadShapeFix]   West: Neighbor at 37, 49, SameTownship=True, InStreets=True, District=countrytown
2025-12-23T17:50:24 172.831 INF [RoadShapeFix]   West: EXIT CREATED
2025-12-23T17:50:24 172.831 INF [RoadShapeFix]   New exits: 15 (intersection)
2025-12-23T17:50:24 172.831 INF [RoadShapeFix] Tile 1/12: No change needed at 38, 49 in forest_rural
2025-12-23T17:50:24 172.831 INF [RoadShapeFix] === Analyzing tile at 36, 51 in forest_rural ===
2025-12-23T17:50:24 172.831 INF [RoadShapeFix]   Current exits: 14 (unknown(14))
2025-12-23T17:50:24 172.831 INF [RoadShapeFix]   North: Neighbor at 36, 52, SameTownship=False, InStreets=False, District=null
2025-12-23T17:50:24 172.832 INF [RoadShapeFix]   East: Neighbor at 37, 51, SameTownship=True, InStreets=True, District=countryresidential
2025-12-23T17:50:24 172.832 INF [RoadShapeFix]   East: EXIT CREATED
2025-12-23T17:50:24 172.832 INF [RoadShapeFix]   South: Neighbor at 36, 50, SameTownship=True, InStreets=True, District=countryresidential
2025-12-23T17:50:24 172.832 INF [RoadShapeFix]   South: EXIT CREATED
2025-12-23T17:50:24 172.832 INF [RoadShapeFix]   West: Neighbor at 35, 51, SameTownship=True, InStreets=True, District=gateway
2025-12-23T17:50:24 172.832 INF [RoadShapeFix]   West: EXIT CREATED
2025-12-23T17:50:24 172.833 INF [RoadShapeFix]   New exits: 14 (unknown(14))
2025-12-23T17:50:24 172.833 INF [RoadShapeFix] Tile 2/12: No change needed at 36, 51 in forest_rural
2025-12-23T17:50:24 172.833 INF [RoadShapeFix] === Analyzing tile at 37, 52 in forest_rural ===
2025-12-23T17:50:24 172.833 INF [RoadShapeFix]   Current exits: 5 (straight)
2025-12-23T17:50:24 172.833 INF [RoadShapeFix]   North: Neighbor at 37, 53, SameTownship=True, InStreets=True, District=gateway
2025-12-23T17:50:24 172.833 INF [RoadShapeFix]   North: EXIT CREATED
2025-12-23T17:50:24 172.834 INF [RoadShapeFix]   East: Neighbor at 38, 52, SameTownship=False, InStreets=False, District=null
2025-12-23T17:50:24 172.834 INF [RoadShapeFix]   South: Neighbor at 37, 51, SameTownship=True, InStreets=True, District=countryresidential
2025-12-23T17:50:24 172.834 INF [RoadShapeFix]   South: EXIT CREATED
2025-12-23T17:50:24 172.834 INF [RoadShapeFix]   West: Neighbor at 36, 52, SameTownship=False, InStreets=False, District=null
2025-12-23T17:50:24 172.834 INF [RoadShapeFix]   New exits: 5 (straight)
2025-12-23T17:50:24 172.834 INF [RoadShapeFix] Tile 3/12: No change needed at 37, 52 in forest_rural
2025-12-23T17:50:24 172.835 INF [RoadShapeFix] --- Township 29: 10 tiles ---
2025-12-23T17:50:24 172.835 INF [RoadShapeFix] === Analyzing tile at 53, 27 in forest_rural ===
2025-12-23T17:50:24 172.835 INF [RoadShapeFix]   Current exits: 1 (unknown(1))
2025-12-23T17:50:24 172.835 INF [RoadShapeFix]   North: Neighbor at 53, 28, SameTownship=True, InStreets=True, District=countryresidential
2025-12-23T17:50:24 172.835 INF [RoadShapeFix]   North: EXIT CREATED
2025-12-23T17:50:24 172.835 INF [RoadShapeFix]   East: Neighbor at 54, 27, SameTownship=False, InStreets=False, District=null
2025-12-23T17:50:24 172.835 INF [RoadShapeFix]   South: Neighbor at 53, 26, SameTownship=False, InStreets=False, District=null
2025-12-23T17:50:24 172.836 INF [RoadShapeFix]   West: Neighbor at 52, 27, SameTownship=False, InStreets=False, District=null
2025-12-23T17:50:24 172.836 INF [RoadShapeFix]   New exits: 1 (unknown(1))
2025-12-23T17:50:24 172.836 INF [RoadShapeFix] Tile 1/10: No change needed at 53, 27 in forest_rural
2025-12-23T17:50:24 172.836 INF [RoadShapeFix] === Analyzing tile at 51, 29 in forest_rural ===
2025-12-23T17:50:24 172.836 INF [RoadShapeFix]   Current exits: 7 (t)
2025-12-23T17:50:24 172.836 INF [RoadShapeFix]   North: Neighbor at 51, 30, SameTownship=True, InStreets=True, District=gateway
2025-12-23T17:50:24 172.836 INF [RoadShapeFix]   North: EXIT CREATED
2025-12-23T17:50:24 172.837 INF [RoadShapeFix]   East: Neighbor at 52, 29, SameTownship=True, InStreets=True, District=countrytown
2025-12-23T17:50:24 172.837 INF [RoadShapeFix]   East: EXIT CREATED
2025-12-23T17:50:24 172.837 INF [RoadShapeFix]   South: Neighbor at 51, 28, SameTownship=True, InStreets=True, District=gateway
2025-12-23T17:50:24 172.837 INF [RoadShapeFix]   South: EXIT CREATED
2025-12-23T17:50:24 172.837 INF [RoadShapeFix]   West: Neighbor at 50, 29, SameTownship=False, InStreets=False, District=null
2025-12-23T17:50:24 172.837 INF [RoadShapeFix]   New exits: 7 (t)
2025-12-23T17:50:24 172.838 INF [RoadShapeFix] Tile 2/10: No change needed at 51, 29 in forest_rural
2025-12-23T17:50:24 172.838 INF [RoadShapeFix] === Analyzing tile at 54, 30 in forest_rural ===
2025-12-23T17:50:24 172.838 INF [RoadShapeFix]   Current exits: 8 (unknown(8))
2025-12-23T17:50:24 172.838 INF [RoadShapeFix]   North: Neighbor at 54, 31, SameTownship=False, InStreets=False, District=null
2025-12-23T17:50:24 172.838 INF [RoadShapeFix]   East: Neighbor at 55, 30, SameTownship=False, InStreets=False, District=null
2025-12-23T17:50:24 172.838 INF [RoadShapeFix]   South: Neighbor at 54, 29, SameTownship=False, InStreets=False, District=null
2025-12-23T17:50:24 172.838 INF [RoadShapeFix]   West: Neighbor at 53, 30, SameTownship=True, InStreets=True, District=countryresidential
2025-12-23T17:50:24 172.839 INF [RoadShapeFix]   West: EXIT CREATED
2025-12-23T17:50:24 172.839 INF [RoadShapeFix]   New exits: 8 (unknown(8))
2025-12-23T17:50:24 172.839 INF [RoadShapeFix] Tile 3/10: No change needed at 54, 30 in forest_rural
2025-12-23T17:50:24 172.839 INF [RoadShapeFix] --- Township 30: 1 tiles ---
2025-12-23T17:50:24 172.839 INF [RoadShapeFix] === Analyzing tile at 21, 39 in sierra ===
2025-12-23T17:50:24 172.839 INF [RoadShapeFix]   Current exits: 5 (straight)
2025-12-23T17:50:24 172.839 INF [RoadShapeFix]   North: Neighbor at 21, 40, SameTownship=False, InStreets=False, District=null
2025-12-23T17:50:24 172.840 INF [RoadShapeFix]   East: Neighbor at 22, 39, SameTownship=False, InStreets=False, District=null
2025-12-23T17:50:24 172.840 INF [RoadShapeFix]   South: Neighbor at 21, 38, SameTownship=False, InStreets=False, District=null
2025-12-23T17:50:24 172.840 INF [RoadShapeFix]   West: Neighbor at 20, 39, SameTownship=False, InStreets=False, District=wilderness
2025-12-23T17:50:24 172.840 INF [RoadShapeFix] Single-tile settlement at 21, 39, using original exit direction North for cap (exits=1)
2025-12-23T17:50:24 172.840 INF [RoadShapeFix]   New exits: 1 (unknown(1))
2025-12-23T17:50:24 172.841 INF [RoadShapeFix]   CHANGE DETECTED: straight -> unknown(1)
2025-12-23T17:50:24 172.841 INF [RoadShapeFix] *** FIXED TILE 1/1: straight -> unknown(1) at 21, 39 in sierra ***
2025-12-23T17:50:24 172.841 INF [RoadShapeFix] --- Township 31: 1 tiles ---
2025-12-23T17:50:24 172.841 INF [RoadShapeFix] === Analyzing tile at 32, 21 in sayil ===
2025-12-23T17:50:24 172.841 INF [RoadShapeFix]   Current exits: 5 (straight)
2025-12-23T17:50:24 172.841 INF [RoadShapeFix]   North: Neighbor at 32, 22, SameTownship=False, InStreets=False, District=null
2025-12-23T17:50:24 172.842 INF [RoadShapeFix]   East: Neighbor at 33, 21, SameTownship=False, InStreets=False, District=null
2025-12-23T17:50:24 172.842 INF [RoadShapeFix]   South: Neighbor at 32, 20, SameTownship=False, InStreets=False, District=null
2025-12-23T17:50:24 172.842 INF [RoadShapeFix]   West: Neighbor at 31, 21, SameTownship=False, InStreets=False, District=null
2025-12-23T17:50:24 172.842 INF [RoadShapeFix] Single-tile settlement at 32, 21, using original exit direction North for cap (exits=1)
2025-12-23T17:50:24 172.842 INF [RoadShapeFix]   New exits: 1 (unknown(1))
2025-12-23T17:50:24 172.842 INF [RoadShapeFix]   CHANGE DETECTED: straight -> unknown(1)
2025-12-23T17:50:24 172.843 INF [RoadShapeFix] *** FIXED TILE 1/1: straight -> unknown(1) at 32, 21 in sayil ***
2025-12-23T17:50:24 172.843 INF [RoadShapeFix] --- Township 32: 1 tiles ---
2025-12-23T17:50:24 172.843 INF [RoadShapeFix] === Analyzing tile at 18, 9 in rings ===
2025-12-23T17:50:24 172.843 INF [RoadShapeFix]   Current exits: 5 (straight)
2025-12-23T17:50:24 172.843 INF [RoadShapeFix]   North: Neighbor at 18, 10, SameTownship=False, InStreets=False, District=null
2025-12-23T17:50:24 172.843 INF [RoadShapeFix]   East: Neighbor at 19, 9, SameTownship=False, InStreets=False, District=null
2025-12-23T17:50:24 172.843 INF [RoadShapeFix]   South: Neighbor at 18, 8, SameTownship=False, InStreets=False, District=null
2025-12-23T17:50:24 172.843 INF [RoadShapeFix]   West: Neighbor at 17, 9, SameTownship=False, InStreets=False, District=null
2025-12-23T17:50:24 172.844 INF [RoadShapeFix] Single-tile settlement at 18, 9, using original exit direction North for cap (exits=1)
2025-12-23T17:50:24 172.844 INF [RoadShapeFix]   New exits: 1 (unknown(1))
2025-12-23T17:50:24 172.844 INF [RoadShapeFix]   CHANGE DETECTED: straight -> unknown(1)
2025-12-23T17:50:24 172.844 INF [RoadShapeFix] *** FIXED TILE 1/1: straight -> unknown(1) at 18, 9 in rings ***
2025-12-23T17:50:24 172.844 INF [RoadShapeFix] --- Township 33: 1 tiles ---
2025-12-23T17:50:24 172.844 INF [RoadShapeFix] === Analyzing tile at 39, 11 in privair ===
2025-12-23T17:50:24 172.845 INF [RoadShapeFix]   Current exits: 5 (straight)
2025-12-23T17:50:24 172.845 INF [RoadShapeFix]   North: Neighbor at 39, 12, SameTownship=False, InStreets=False, District=null
2025-12-23T17:50:24 172.845 INF [RoadShapeFix]   East: Neighbor at 40, 11, SameTownship=False, InStreets=False, District=null
2025-12-23T17:50:24 172.845 INF [RoadShapeFix]   South: Neighbor at 39, 10, SameTownship=False, InStreets=False, District=null
2025-12-23T17:50:24 172.845 INF [RoadShapeFix]   West: Neighbor at 38, 11, SameTownship=False, InStreets=False, District=null
2025-12-23T17:50:24 172.845 INF [RoadShapeFix] Single-tile settlement at 39, 11, using original exit direction North for cap (exits=1)
2025-12-23T17:50:24 172.845 INF [RoadShapeFix]   New exits: 1 (unknown(1))
2025-12-23T17:50:24 172.846 INF [RoadShapeFix]   CHANGE DETECTED: straight -> unknown(1)
2025-12-23T17:50:24 172.846 INF [RoadShapeFix] *** FIXED TILE 1/1: straight -> unknown(1) at 39, 11 in privair ***
2025-12-23T17:50:24 172.846 INF [RoadShapeFix] --- Township 34: 1 tiles ---
2025-12-23T17:50:24 172.846 INF [RoadShapeFix] === Analyzing tile at 48, 66 in reactor ===
2025-12-23T17:50:24 172.846 INF [RoadShapeFix]   Current exits: 5 (straight)
2025-12-23T17:50:24 172.846 INF [RoadShapeFix]   North: Neighbor at 48, 67, SameTownship=False, InStreets=False, District=null
2025-12-23T17:50:24 172.846 INF [RoadShapeFix]   East: Neighbor at 49, 66, SameTownship=False, InStreets=False, District=null
2025-12-23T17:50:24 172.847 INF [RoadShapeFix]   South: Neighbor at 48, 65, SameTownship=False, InStreets=False, District=null
2025-12-23T17:50:24 172.847 INF [RoadShapeFix]   West: Neighbor at 47, 66, SameTownship=False, InStreets=False, District=null
2025-12-23T17:50:24 172.847 INF [RoadShapeFix] Single-tile settlement at 48, 66, using original exit direction North for cap (exits=1)
2025-12-23T17:50:24 172.847 INF [RoadShapeFix]   New exits: 1 (unknown(1))
2025-12-23T17:50:24 172.847 INF [RoadShapeFix]   CHANGE DETECTED: straight -> unknown(1)
2025-12-23T17:50:24 172.848 INF [RoadShapeFix] *** FIXED TILE 1/1: straight -> unknown(1) at 48, 66 in reactor ***
2025-12-23T17:50:24 172.848 INF [RoadShapeFix] --- Township 35: 1 tiles ---
2025-12-23T17:50:24 172.848 INF [RoadShapeFix] === Analyzing tile at 54, 23 in racetracks ===
2025-12-23T17:50:24 172.848 INF [RoadShapeFix]   Current exits: 5 (straight)
2025-12-23T17:50:24 172.848 INF [RoadShapeFix]   North: Neighbor at 54, 24, SameTownship=False, InStreets=False, District=null
2025-12-23T17:50:24 172.848 INF [RoadShapeFix]   East: Neighbor at 55, 23, SameTownship=False, InStreets=False, District=null
2025-12-23T17:50:24 172.849 INF [RoadShapeFix]   South: Neighbor at 54, 22, SameTownship=False, InStreets=False, District=null
2025-12-23T17:50:24 172.849 INF [RoadShapeFix]   West: Neighbor at 53, 23, SameTownship=False, InStreets=False, District=null
2025-12-23T17:50:24 172.849 INF [RoadShapeFix] Single-tile settlement at 54, 23, using original exit direction North for cap (exits=1)
2025-12-23T17:50:24 172.849 INF [RoadShapeFix]   New exits: 1 (unknown(1))
2025-12-23T17:50:24 172.850 INF [RoadShapeFix]   CHANGE DETECTED: straight -> unknown(1)
2025-12-23T17:50:24 172.850 INF [RoadShapeFix] *** FIXED TILE 1/1: straight -> unknown(1) at 54, 23 in racetracks ***
2025-12-23T17:50:24 172.850 INF [RoadShapeFix] --- Township 36: 1 tiles ---
2025-12-23T17:50:24 172.850 INF [RoadShapeFix] === Analyzing tile at 24, 29 in simonmd ===
2025-12-23T17:50:24 172.850 INF [RoadShapeFix]   Current exits: 5 (straight)
2025-12-23T17:50:24 172.851 INF [RoadShapeFix]   North: Neighbor at 24, 30, SameTownship=False, InStreets=False, District=null
2025-12-23T17:50:24 172.851 INF [RoadShapeFix]   East: Neighbor at 25, 29, SameTownship=False, InStreets=False, District=null
2025-12-23T17:50:24 172.851 INF [RoadShapeFix]   South: Neighbor at 24, 28, SameTownship=False, InStreets=False, District=null
2025-12-23T17:50:24 172.851 INF [RoadShapeFix]   West: Neighbor at 23, 29, SameTownship=False, InStreets=False, District=null
2025-12-23T17:50:24 172.851 INF [RoadShapeFix] Single-tile settlement at 24, 29, using original exit direction North for cap (exits=1)
2025-12-23T17:50:24 172.851 INF [RoadShapeFix]   New exits: 1 (unknown(1))
2025-12-23T17:50:24 172.851 INF [RoadShapeFix]   CHANGE DETECTED: straight -> unknown(1)
2025-12-23T17:50:24 172.852 INF [RoadShapeFix] *** FIXED TILE 1/1: straight -> unknown(1) at 24, 29 in simonmd ***
2025-12-23T17:50:24 172.852 INF [RoadShapeFix] --- Township 37: 1 tiles ---
2025-12-23T17:50:24 172.852 INF [RoadShapeFix] === Analyzing tile at 17, 44 in research ===
2025-12-23T17:50:24 172.852 INF [RoadShapeFix]   Current exits: 5 (straight)
2025-12-23T17:50:24 172.852 INF [RoadShapeFix]   North: Neighbor at 17, 45, SameTownship=False, InStreets=False, District=null
2025-12-23T17:50:24 172.852 INF [RoadShapeFix]   East: Neighbor at 18, 44, SameTownship=False, InStreets=False, District=null
2025-12-23T17:50:24 172.853 INF [RoadShapeFix]   South: Neighbor at 17, 43, SameTownship=False, InStreets=False, District=null
2025-12-23T17:50:24 172.853 INF [RoadShapeFix]   West: Neighbor at 16, 44, SameTownship=False, InStreets=False, District=null
2025-12-23T17:50:24 172.853 INF [RoadShapeFix] Single-tile settlement at 17, 44, using original exit direction North for cap (exits=1)
2025-12-23T17:50:24 172.853 INF [RoadShapeFix]   New exits: 1 (unknown(1))
2025-12-23T17:50:24 172.853 INF [RoadShapeFix]   CHANGE DETECTED: straight -> unknown(1)
2025-12-23T17:50:24 172.853 INF [RoadShapeFix] *** FIXED TILE 1/1: straight -> unknown(1) at 17, 44 in research ***
2025-12-23T17:50:24 172.853 INF [RoadShapeFix] --- Township 38: 1 tiles ---
2025-12-23T17:50:24 172.854 INF [RoadShapeFix] === Analyzing tile at 27, 22 in steelaxe ===
2025-12-23T17:50:24 172.854 INF [RoadShapeFix]   Current exits: 5 (straight)
2025-12-23T17:50:24 172.854 INF [RoadShapeFix]   North: Neighbor at 27, 23, SameTownship=False, InStreets=False, District=null
2025-12-23T17:50:24 172.854 INF [RoadShapeFix]   East: Neighbor at 28, 22, SameTownship=False, InStreets=False, District=null
2025-12-23T17:50:24 172.854 INF [RoadShapeFix]   South: Neighbor at 27, 21, SameTownship=False, InStreets=False, District=wilderness
2025-12-23T17:50:24 172.854 INF [RoadShapeFix]   West: Neighbor at 26, 22, SameTownship=False, InStreets=False, District=null
2025-12-23T17:50:24 172.854 INF [RoadShapeFix] Single-tile settlement at 27, 22, using original exit direction North for cap (exits=1)
2025-12-23T17:50:24 172.855 INF [RoadShapeFix]   New exits: 1 (unknown(1))
2025-12-23T17:50:24 172.855 INF [RoadShapeFix]   CHANGE DETECTED: straight -> unknown(1)
2025-12-23T17:50:24 172.855 INF [RoadShapeFix] *** FIXED TILE 1/1: straight -> unknown(1) at 27, 22 in steelaxe ***
2025-12-23T17:50:24 172.855 INF [RoadShapeFix] --- Township 39: 1 tiles ---
2025-12-23T17:50:24 172.855 INF [RoadShapeFix] === Analyzing tile at 17, 22 in vastprison ===
2025-12-23T17:50:24 172.855 INF [RoadShapeFix]   Current exits: 5 (straight)
2025-12-23T17:50:24 172.855 INF [RoadShapeFix]   North: Neighbor at 17, 23, SameTownship=False, InStreets=False, District=null
2025-12-23T17:50:24 172.856 INF [RoadShapeFix]   East: Neighbor at 18, 22, SameTownship=False, InStreets=False, District=null
2025-12-23T17:50:24 172.856 INF [RoadShapeFix]   South: Neighbor at 17, 21, SameTownship=False, InStreets=False, District=null
2025-12-23T17:50:24 172.856 INF [RoadShapeFix]   West: Neighbor at 16, 22, SameTownship=False, InStreets=False, District=wilderness
2025-12-23T17:50:24 172.856 INF [RoadShapeFix] Single-tile settlement at 17, 22, using original exit direction North for cap (exits=1)
2025-12-23T17:50:24 172.856 INF [RoadShapeFix]   New exits: 1 (unknown(1))
2025-12-23T17:50:24 172.857 INF [RoadShapeFix]   CHANGE DETECTED: straight -> unknown(1)
2025-12-23T17:50:24 172.857 INF [RoadShapeFix] *** FIXED TILE 1/1: straight -> unknown(1) at 17, 22 in vastprison ***
2025-12-23T17:50:24 172.857 INF [RoadShapeFix] --- Township 40: 1 tiles ---
2025-12-23T17:50:24 172.857 INF [RoadShapeFix] === Analyzing tile at 12, 36 in tesko ===
2025-12-23T17:50:24 172.857 INF [RoadShapeFix]   Current exits: 5 (straight)
2025-12-23T17:50:24 172.858 INF [RoadShapeFix]   North: Neighbor at 12, 37, SameTownship=False, InStreets=False, District=wilderness
2025-12-23T17:50:24 172.858 INF [RoadShapeFix]   East: Neighbor at 13, 36, SameTownship=False, InStreets=False, District=null
2025-12-23T17:50:24 172.858 INF [RoadShapeFix]   South: Neighbor at 12, 35, SameTownship=False, InStreets=False, District=wilderness
2025-12-23T17:50:24 172.858 INF [RoadShapeFix]   West: Neighbor at 11, 36, SameTownship=False, InStreets=False, District=null
2025-12-23T17:50:24 172.858 INF [RoadShapeFix] Single-tile settlement at 12, 36, using original exit direction North for cap (exits=1)
2025-12-23T17:50:24 172.858 INF [RoadShapeFix]   New exits: 1 (unknown(1))
2025-12-23T17:50:24 172.858 INF [RoadShapeFix]   CHANGE DETECTED: straight -> unknown(1)
2025-12-23T17:50:24 172.859 INF [RoadShapeFix] *** FIXED TILE 1/1: straight -> unknown(1) at 12, 36 in tesko ***
2025-12-23T17:50:24 172.859 INF [RoadShapeFix] --- Township 41: 1 tiles ---
2025-12-23T17:50:24 172.859 INF [RoadShapeFix] === Analyzing tile at 20, 52 in trebet1 ===
2025-12-23T17:50:24 172.859 INF [RoadShapeFix]   Current exits: 5 (straight)
2025-12-23T17:50:24 172.859 INF [RoadShapeFix]   North: Neighbor at 20, 53, SameTownship=False, InStreets=False, District=null
2025-12-23T17:50:24 172.859 INF [RoadShapeFix]   East: Neighbor at 21, 52, SameTownship=False, InStreets=False, District=null
2025-12-23T17:50:24 172.860 INF [RoadShapeFix]   South: Neighbor at 20, 51, SameTownship=False, InStreets=False, District=null
2025-12-23T17:50:24 172.860 INF [RoadShapeFix]   West: Neighbor at 19, 52, SameTownship=False, InStreets=False, District=null
2025-12-23T17:50:24 172.860 INF [RoadShapeFix] Single-tile settlement at 20, 52, using original exit direction North for cap (exits=1)
2025-12-23T17:50:24 172.860 INF [RoadShapeFix]   New exits: 1 (unknown(1))
2025-12-23T17:50:24 172.860 INF [RoadShapeFix]   CHANGE DETECTED: straight -> unknown(1)
2025-12-23T17:50:24 172.861 INF [RoadShapeFix] *** FIXED TILE 1/1: straight -> unknown(1) at 20, 52 in trebet1 ***
2025-12-23T17:50:24 172.861 INF [RoadShapeFix] --- Township 42: 1 tiles ---
2025-12-23T17:50:24 172.861 INF [RoadShapeFix] === Analyzing tile at 43, 72 in power ===
2025-12-23T17:50:24 172.861 INF [RoadShapeFix]   Current exits: 5 (straight)
2025-12-23T17:50:24 172.861 INF [RoadShapeFix]   North: Neighbor at 43, 73, SameTownship=False, InStreets=False, District=null
2025-12-23T17:50:24 172.861 INF [RoadShapeFix]   East: Neighbor at 44, 72, SameTownship=False, InStreets=False, District=null
2025-12-23T17:50:24 172.862 INF [RoadShapeFix]   South: Neighbor at 43, 71, SameTownship=False, InStreets=False, District=null
2025-12-23T17:50:24 172.862 INF [RoadShapeFix]   West: Neighbor at 42, 72, SameTownship=False, InStreets=False, District=null
2025-12-23T17:50:24 172.862 INF [RoadShapeFix] Single-tile settlement at 43, 72, using original exit direction North for cap (exits=1)
2025-12-23T17:50:24 172.862 INF [RoadShapeFix]   New exits: 1 (unknown(1))
2025-12-23T17:50:24 172.862 INF [RoadShapeFix]   CHANGE DETECTED: straight -> unknown(1)
2025-12-23T17:50:24 172.862 INF [RoadShapeFix] *** FIXED TILE 1/1: straight -> unknown(1) at 43, 72 in power ***
2025-12-23T17:50:24 172.862 INF [RoadShapeFix] --- Township 43: 1 tiles ---
2025-12-23T17:50:24 172.863 INF [RoadShapeFix] === Analyzing tile at 64, 10 in vault11 ===
2025-12-23T17:50:24 172.863 INF [RoadShapeFix]   Current exits: 5 (straight)
2025-12-23T17:50:24 172.863 INF [RoadShapeFix]   North: Neighbor at 64, 11, SameTownship=False, InStreets=False, District=null
2025-12-23T17:50:24 172.863 INF [RoadShapeFix]   East: Neighbor at 65, 10, SameTownship=False, InStreets=False, District=null
2025-12-23T17:50:24 172.863 INF [RoadShapeFix]   South: Neighbor at 64, 9, SameTownship=False, InStreets=False, District=null
2025-12-23T17:50:24 172.863 INF [RoadShapeFix]   West: Neighbor at 63, 10, SameTownship=False, InStreets=False, District=null
2025-12-23T17:50:24 172.864 INF [RoadShapeFix] Single-tile settlement at 64, 10, using original exit direction North for cap (exits=1)
2025-12-23T17:50:24 172.864 INF [RoadShapeFix]   New exits: 1 (unknown(1))
2025-12-23T17:50:24 172.864 INF [RoadShapeFix]   CHANGE DETECTED: straight -> unknown(1)
2025-12-23T17:50:24 172.864 INF [RoadShapeFix] *** FIXED TILE 1/1: straight -> unknown(1) at 64, 10 in vault11 ***
2025-12-23T17:50:24 172.864 INF [RoadShapeFix] --- Township 44: 1 tiles ---
2025-12-23T17:50:24 172.865 INF [RoadShapeFix] === Analyzing tile at 45, 65 in vault92 ===
2025-12-23T17:50:24 172.865 INF [RoadShapeFix]   Current exits: 5 (straight)
2025-12-23T17:50:24 172.865 INF [RoadShapeFix]   North: Neighbor at 45, 66, SameTownship=False, InStreets=False, District=null
2025-12-23T17:50:24 172.865 INF [RoadShapeFix]   East: Neighbor at 46, 65, SameTownship=False, InStreets=False, District=null
2025-12-23T17:50:24 172.865 INF [RoadShapeFix]   South: Neighbor at 45, 64, SameTownship=False, InStreets=False, District=null
2025-12-23T17:50:24 172.865 INF [RoadShapeFix]   West: Neighbor at 44, 65, SameTownship=False, InStreets=False, District=null
2025-12-23T17:50:24 172.865 INF [RoadShapeFix] Single-tile settlement at 45, 65, using original exit direction North for cap (exits=1)
2025-12-23T17:50:24 172.866 INF [RoadShapeFix]   New exits: 1 (unknown(1))
2025-12-23T17:50:24 172.866 INF [RoadShapeFix]   CHANGE DETECTED: straight -> unknown(1)
2025-12-23T17:50:24 172.866 INF [RoadShapeFix] *** FIXED TILE 1/1: straight -> unknown(1) at 45, 65 in vault92 ***
2025-12-23T17:50:24 172.866 INF [RoadShapeFix] --- Township 45: 1 tiles ---
2025-12-23T17:50:24 172.866 INF [RoadShapeFix] === Analyzing tile at 10, 62 in whiterun ===
2025-12-23T17:50:24 172.866 INF [RoadShapeFix]   Current exits: 5 (straight)
2025-12-23T17:50:24 172.867 INF [RoadShapeFix]   North: Neighbor at 10, 63, SameTownship=False, InStreets=False, District=null
2025-12-23T17:50:24 172.867 INF [RoadShapeFix]   East: Neighbor at 11, 62, SameTownship=False, InStreets=False, District=wilderness
2025-12-23T17:50:24 172.867 INF [RoadShapeFix]   South: Neighbor at 10, 61, SameTownship=False, InStreets=False, District=null
2025-12-23T17:50:24 172.867 INF [RoadShapeFix]   West: Neighbor at 9, 62, SameTownship=False, InStreets=False, District=wilderness
2025-12-23T17:50:24 172.867 INF [RoadShapeFix] Single-tile settlement at 10, 62, using original exit direction North for cap (exits=1)
2025-12-23T17:50:24 172.867 INF [RoadShapeFix]   New exits: 1 (unknown(1))
2025-12-23T17:50:24 172.868 INF [RoadShapeFix]   CHANGE DETECTED: straight -> unknown(1)
2025-12-23T17:50:24 172.868 INF [RoadShapeFix] *** FIXED TILE 1/1: straight -> unknown(1) at 10, 62 in whiterun ***
2025-12-23T17:50:24 172.868 INF [RoadShapeFix] --- Township 46: 1 tiles ---
2025-12-23T17:50:24 172.868 INF [RoadShapeFix] === Analyzing tile at 44, 32 in woodbury ===
2025-12-23T17:50:24 172.868 INF [RoadShapeFix]   Current exits: 5 (straight)
2025-12-23T17:50:24 172.868 INF [RoadShapeFix]   North: Neighbor at 44, 33, SameTownship=False, InStreets=False, District=wilderness
2025-12-23T17:50:24 172.868 INF [RoadShapeFix]   East: Neighbor at 45, 32, SameTownship=False, InStreets=False, District=wilderness
2025-12-23T17:50:24 172.869 INF [RoadShapeFix]   South: Neighbor at 44, 31, SameTownship=False, InStreets=False, District=null
2025-12-23T17:50:24 172.869 INF [RoadShapeFix]   West: Neighbor at 43, 32, SameTownship=False, InStreets=False, District=null
2025-12-23T17:50:24 172.869 INF [RoadShapeFix] Single-tile settlement at 44, 32, using original exit direction North for cap (exits=1)
2025-12-23T17:50:24 172.869 INF [RoadShapeFix]   New exits: 1 (unknown(1))
2025-12-23T17:50:24 172.869 INF [RoadShapeFix]   CHANGE DETECTED: straight -> unknown(1)
2025-12-23T17:50:24 172.869 INF [RoadShapeFix] *** FIXED TILE 1/1: straight -> unknown(1) at 44, 32 in woodbury ***
2025-12-23T17:50:24 172.870 INF [RoadShapeFix] --- Township 47: 1 tiles ---
2025-12-23T17:50:24 172.870 INF [RoadShapeFix] === Analyzing tile at 46, 12 in xfiles ===
2025-12-23T17:50:24 172.870 INF [RoadShapeFix]   Current exits: 5 (straight)
2025-12-23T17:50:24 172.870 INF [RoadShapeFix]   North: Neighbor at 46, 13, SameTownship=False, InStreets=False, District=null
2025-12-23T17:50:24 172.870 INF [RoadShapeFix]   East: Neighbor at 47, 12, SameTownship=False, InStreets=False, District=null
2025-12-23T17:50:24 172.870 INF [RoadShapeFix]   South: Neighbor at 46, 11, SameTownship=False, InStreets=False, District=null
2025-12-23T17:50:24 172.871 INF [RoadShapeFix]   West: Neighbor at 45, 12, SameTownship=False, InStreets=False, District=null
2025-12-23T17:50:24 172.871 INF [RoadShapeFix] Single-tile settlement at 46, 12, using original exit direction North for cap (exits=1)
2025-12-23T17:50:24 172.871 INF [RoadShapeFix]   New exits: 1 (unknown(1))
2025-12-23T17:50:24 172.871 INF [RoadShapeFix]   CHANGE DETECTED: straight -> unknown(1)
2025-12-23T17:50:24 172.871 INF [RoadShapeFix] *** FIXED TILE 1/1: straight -> unknown(1) at 46, 12 in xfiles ***
2025-12-23T17:50:24 172.872 INF [RoadShapeFix] --- Township 48: 1 tiles ---
2025-12-23T17:50:24 172.872 INF [RoadShapeFix] === Analyzing tile at 41, 20 in steelprison ===
2025-12-23T17:50:24 172.872 INF [RoadShapeFix]   Current exits: 5 (straight)
2025-12-23T17:50:24 172.872 INF [RoadShapeFix]   North: Neighbor at 41, 21, SameTownship=False, InStreets=False, District=null
2025-12-23T17:50:24 172.872 INF [RoadShapeFix]   East: Neighbor at 42, 20, SameTownship=False, InStreets=False, District=wilderness
2025-12-23T17:50:24 172.872 INF [RoadShapeFix]   South: Neighbor at 41, 19, SameTownship=False, InStreets=False, District=null
2025-12-23T17:50:24 172.872 INF [RoadShapeFix]   West: Neighbor at 40, 20, SameTownship=False, InStreets=False, District=null
2025-12-23T17:50:24 172.873 INF [RoadShapeFix] Single-tile settlement at 41, 20, using original exit direction North for cap (exits=1)
2025-12-23T17:50:24 172.873 INF [RoadShapeFix]   New exits: 1 (unknown(1))
2025-12-23T17:50:24 172.873 INF [RoadShapeFix]   CHANGE DETECTED: straight -> unknown(1)
2025-12-23T17:50:24 172.873 INF [RoadShapeFix] *** FIXED TILE 1/1: straight -> unknown(1) at 41, 20 in steelprison ***
2025-12-23T17:50:24 172.873 INF [RoadShapeFix] --- Township 49: 1 tiles ---
2025-12-23T17:50:24 172.873 INF [RoadShapeFix] === Analyzing tile at 9, 18 in plastikrice ===
2025-12-23T17:50:24 172.873 INF [RoadShapeFix]   Current exits: 5 (straight)
2025-12-23T17:50:24 172.874 INF [RoadShapeFix]   North: Neighbor at 9, 19, SameTownship=False, InStreets=False, District=null
2025-12-23T17:50:24 172.874 INF [RoadShapeFix]   East: Neighbor at 10, 18, SameTownship=False, InStreets=False, District=null
2025-12-23T17:50:24 172.874 INF [RoadShapeFix]   South: Neighbor at 9, 17, SameTownship=False, InStreets=False, District=null
2025-12-23T17:50:24 172.874 INF [RoadShapeFix]   West: Neighbor at 8, 18, SameTownship=False, InStreets=False, District=null
2025-12-23T17:50:24 172.874 INF [RoadShapeFix] Single-tile settlement at 9, 18, using original exit direction North for cap (exits=1)
2025-12-23T17:50:24 172.874 INF [RoadShapeFix]   New exits: 1 (unknown(1))
2025-12-23T17:50:24 172.874 INF [RoadShapeFix]   CHANGE DETECTED: straight -> unknown(1)
2025-12-23T17:50:24 172.875 INF [RoadShapeFix] *** FIXED TILE 1/1: straight -> unknown(1) at 9, 18 in plastikrice ***
2025-12-23T17:50:24 172.875 INF [RoadShapeFix] --- Township 50: 1 tiles ---
2025-12-23T17:50:24 172.875 INF [RoadShapeFix] === Analyzing tile at 29, 11 in miningtown ===
2025-12-23T17:50:24 172.875 INF [RoadShapeFix]   Current exits: 5 (straight)
2025-12-23T17:50:24 172.875 INF [RoadShapeFix]   North: Neighbor at 29, 12, SameTownship=False, InStreets=False, District=null
2025-12-23T17:50:24 172.875 INF [RoadShapeFix]   East: Neighbor at 30, 11, SameTownship=False, InStreets=False, District=null
2025-12-23T17:50:24 172.875 INF [RoadShapeFix]   South: Neighbor at 29, 10, SameTownship=False, InStreets=False, District=null
2025-12-23T17:50:24 172.876 INF [RoadShapeFix]   West: Neighbor at 28, 11, SameTownship=False, InStreets=False, District=null
2025-12-23T17:50:24 172.876 INF [RoadShapeFix] Single-tile settlement at 29, 11, using original exit direction North for cap (exits=1)
2025-12-23T17:50:24 172.876 INF [RoadShapeFix]   New exits: 1 (unknown(1))
2025-12-23T17:50:24 172.876 INF [RoadShapeFix]   CHANGE DETECTED: straight -> unknown(1)
2025-12-23T17:50:24 172.876 INF [RoadShapeFix] *** FIXED TILE 1/1: straight -> unknown(1) at 29, 11 in miningtown ***
2025-12-23T17:50:24 172.876 INF [RoadShapeFix] --- Township 51: 1 tiles ---
2025-12-23T17:50:24 172.877 INF [RoadShapeFix] === Analyzing tile at 35, 66 in ouchair ===
2025-12-23T17:50:24 172.877 INF [RoadShapeFix]   Current exits: 5 (straight)
2025-12-23T17:50:24 172.877 INF [RoadShapeFix]   North: Neighbor at 35, 67, SameTownship=False, InStreets=False, District=null
2025-12-23T17:50:24 172.877 INF [RoadShapeFix]   East: Neighbor at 36, 66, SameTownship=False, InStreets=False, District=null
2025-12-23T17:50:24 172.877 INF [RoadShapeFix]   South: Neighbor at 35, 65, SameTownship=False, InStreets=False, District=wilderness
2025-12-23T17:50:24 172.877 INF [RoadShapeFix]   West: Neighbor at 34, 66, SameTownship=False, InStreets=False, District=null
2025-12-23T17:50:24 172.877 INF [RoadShapeFix] Single-tile settlement at 35, 66, using original exit direction North for cap (exits=1)
2025-12-23T17:50:24 172.878 INF [RoadShapeFix]   New exits: 1 (unknown(1))
2025-12-23T17:50:24 172.878 INF [RoadShapeFix]   CHANGE DETECTED: straight -> unknown(1)
2025-12-23T17:50:24 172.878 INF [RoadShapeFix] *** FIXED TILE 1/1: straight -> unknown(1) at 35, 66 in ouchair ***
2025-12-23T17:50:24 172.878 INF [RoadShapeFix] --- Township 52: 1 tiles ---
2025-12-23T17:50:24 172.878 INF [RoadShapeFix] Tile 1/1: Skipping gateway tile at 21, 67
2025-12-23T17:50:24 172.878 INF [RoadShapeFix] --- Township 53: 1 tiles ---
2025-12-23T17:50:24 172.879 INF [RoadShapeFix] Tile 1/1: Skipping gateway tile at 36, 41
2025-12-23T17:50:24 172.879 INF [RoadShapeFix] --- Township 54: 0 tiles ---
2025-12-23T17:50:24 172.879 INF [RoadShapeFix] --- Township 55: 1 tiles ---
2025-12-23T17:50:24 172.879 INF [RoadShapeFix] Tile 1/1: Skipping gateway tile at 22, 23
2025-12-23T17:50:24 172.879 INF [RoadShapeFix] --- Township 56: 1 tiles ---
2025-12-23T17:50:24 172.879 INF [RoadShapeFix] Tile 1/1: Skipping gateway tile at 25, 34
2025-12-23T17:50:24 172.879 INF [RoadShapeFix] --- Township 57: 1 tiles ---
2025-12-23T17:50:24 172.880 INF [RoadShapeFix] Tile 1/1: Skipping gateway tile at 46, 57
2025-12-23T17:50:24 172.880 INF [RoadShapeFix] --- Township 58: 1 tiles ---
2025-12-23T17:50:24 172.880 INF [RoadShapeFix] Tile 1/1: Skipping gateway tile at 52, 50
2025-12-23T17:50:24 172.880 INF [RoadShapeFix] --- Township 59: 1 tiles ---
2025-12-23T17:50:24 172.880 INF [RoadShapeFix] Tile 1/1: Skipping gateway tile at 57, 37
2025-12-23T17:50:24 172.880 INF [RoadShapeFix] --- Township 60: 1 tiles ---
2025-12-23T17:50:24 172.880 INF [RoadShapeFix] Tile 1/1: Skipping gateway tile at 35, 24
2025-12-23T17:50:24 172.881 INF [RoadShapeFix] --- Township 61: 1 tiles ---
2025-12-23T17:50:24 172.881 INF [RoadShapeFix] Tile 1/1: Skipping gateway tile at 18, 28
2025-12-23T17:50:24 172.881 INF [RoadShapeFix] --- Township 62: 1 tiles ---
2025-12-23T17:50:24 172.881 INF [RoadShapeFix] Tile 1/1: Skipping gateway tile at 26, 62
2025-12-23T17:50:24 172.881 INF [RoadShapeFix] --- Township 63: 1 tiles ---
2025-12-23T17:50:24 172.881 INF [RoadShapeFix] Tile 1/1: Skipping gateway tile at 29, 28
2025-12-23T17:50:24 172.882 INF [RoadShapeFix] --- Township 64: 0 tiles ---
2025-12-23T17:50:24 172.882 INF [RoadShapeFix] --- Township 65: 1 tiles ---
2025-12-23T17:50:24 172.882 INF [RoadShapeFix] Tile 1/1: Skipping gateway tile at 30, 16
2025-12-23T17:50:24 172.882 INF [RoadShapeFix] --- Township 66: 1 tiles ---
2025-12-23T17:50:24 172.882 INF [RoadShapeFix] Tile 1/1: Skipping gateway tile at 19, 48
2025-12-23T17:50:24 172.882 INF [RoadShapeFix] --- Township 67: 1 tiles ---
2025-12-23T17:50:24 172.883 INF [RoadShapeFix] Tile 1/1: Skipping gateway tile at 68, 63
2025-12-23T17:50:24 172.883 INF [RoadShapeFix] --- Township 68: 1 tiles ---
2025-12-23T17:50:24 172.883 INF [RoadShapeFix] Tile 1/1: Skipping gateway tile at 49, 33
2025-12-23T17:50:24 172.883 INF [RoadShapeFix] --- Township 69: 1 tiles ---
2025-12-23T17:50:24 172.883 INF [RoadShapeFix] Tile 1/1: Skipping gateway tile at 66, 16
2025-12-23T17:50:24 172.883 INF [RoadShapeFix] --- Township 70: 1 tiles ---
2025-12-23T17:50:24 172.883 INF [RoadShapeFix] Tile 1/1: Skipping gateway tile at 16, 17
2025-12-23T17:50:24 172.883 INF [RoadShapeFix] --- Township 71: 1 tiles ---
2025-12-23T17:50:24 172.884 INF [RoadShapeFix] === Analyzing tile at 67, 20 in airouch ===
2025-12-23T17:50:24 172.884 INF [RoadShapeFix]   Current exits: 5 (straight)
2025-12-23T17:50:24 172.884 INF [RoadShapeFix]   North: Neighbor at 67, 21, SameTownship=False, InStreets=False, District=null
2025-12-23T17:50:24 172.884 INF [RoadShapeFix]   East: Neighbor at 68, 20, SameTownship=False, InStreets=False, District=null
2025-12-23T17:50:24 172.884 INF [RoadShapeFix]   South: Neighbor at 67, 19, SameTownship=False, InStreets=False, District=null
2025-12-23T17:50:24 172.884 INF [RoadShapeFix]   West: Neighbor at 66, 20, SameTownship=False, InStreets=False, District=null
2025-12-23T17:50:24 172.884 INF [RoadShapeFix] Single-tile settlement at 67, 20, using original exit direction North for cap (exits=1)
2025-12-23T17:50:24 172.885 INF [RoadShapeFix]   New exits: 1 (unknown(1))
2025-12-23T17:50:24 172.885 INF [RoadShapeFix]   CHANGE DETECTED: straight -> unknown(1)
2025-12-23T17:50:24 172.885 INF [RoadShapeFix] *** FIXED TILE 1/1: straight -> unknown(1) at 67, 20 in airouch ***
2025-12-23T17:50:24 172.885 INF [RoadShapeFix] --- Township 72: 1 tiles ---
2025-12-23T17:50:24 172.885 INF [RoadShapeFix] === Analyzing tile at 23, 43 in aqua ===
2025-12-23T17:50:24 172.885 INF [RoadShapeFix]   Current exits: 5 (straight)
2025-12-23T17:50:24 172.886 INF [RoadShapeFix]   North: Neighbor at 23, 44, SameTownship=False, InStreets=False, District=null
2025-12-23T17:50:24 172.886 INF [RoadShapeFix]   East: Neighbor at 24, 43, SameTownship=False, InStreets=False, District=null
2025-12-23T17:50:24 172.886 INF [RoadShapeFix]   South: Neighbor at 23, 42, SameTownship=False, InStreets=False, District=null
2025-12-23T17:50:24 172.886 INF [RoadShapeFix]   West: Neighbor at 22, 43, SameTownship=False, InStreets=False, District=null
2025-12-23T17:50:24 172.886 INF [RoadShapeFix] Single-tile settlement at 23, 43, using original exit direction North for cap (exits=1)
2025-12-23T17:50:24 172.886 INF [RoadShapeFix]   New exits: 1 (unknown(1))
2025-12-23T17:50:24 172.886 INF [RoadShapeFix]   CHANGE DETECTED: straight -> unknown(1)
2025-12-23T17:50:24 172.887 INF [RoadShapeFix] *** FIXED TILE 1/1: straight -> unknown(1) at 23, 43 in aqua ***
2025-12-23T17:50:24 172.887 INF [RoadShapeFix] --- Township 73: 1 tiles ---
2025-12-23T17:50:24 172.887 INF [RoadShapeFix] === Analyzing tile at 43, 69 in castlesimon ===
2025-12-23T17:50:24 172.887 INF [RoadShapeFix]   Current exits: 5 (straight)
2025-12-23T17:50:24 172.887 INF [RoadShapeFix]   North: Neighbor at 43, 70, SameTownship=False, InStreets=False, District=null
2025-12-23T17:50:24 172.888 INF [RoadShapeFix]   East: Neighbor at 44, 69, SameTownship=False, InStreets=False, District=null
2025-12-23T17:50:24 172.888 INF [RoadShapeFix]   South: Neighbor at 43, 68, SameTownship=False, InStreets=False, District=null
2025-12-23T17:50:24 172.888 INF [RoadShapeFix]   West: Neighbor at 42, 69, SameTownship=False, InStreets=False, District=null
2025-12-23T17:50:24 172.888 INF [RoadShapeFix] Single-tile settlement at 43, 69, using original exit direction North for cap (exits=1)
2025-12-23T17:50:24 172.888 INF [RoadShapeFix]   New exits: 1 (unknown(1))
2025-12-23T17:50:24 172.888 INF [RoadShapeFix]   CHANGE DETECTED: straight -> unknown(1)
2025-12-23T17:50:24 172.889 INF [RoadShapeFix] *** FIXED TILE 1/1: straight -> unknown(1) at 43, 69 in castlesimon ***
2025-12-23T17:50:24 172.889 INF [RoadShapeFix] --- Township 74: 1 tiles ---
2025-12-23T17:50:24 172.889 INF [RoadShapeFix] === Analyzing tile at 57, 56 in crashed ===
2025-12-23T17:50:24 172.889 INF [RoadShapeFix]   Current exits: 5 (straight)
2025-12-23T17:50:24 172.889 INF [RoadShapeFix]   North: Neighbor at 57, 57, SameTownship=False, InStreets=False, District=null
2025-12-23T17:50:24 172.890 INF [RoadShapeFix]   East: Neighbor at 58, 56, SameTownship=False, InStreets=False, District=null
2025-12-23T17:50:24 172.890 INF [RoadShapeFix]   South: Neighbor at 57, 55, SameTownship=False, InStreets=False, District=wilderness
2025-12-23T17:50:24 172.890 INF [RoadShapeFix]   West: Neighbor at 56, 56, SameTownship=False, InStreets=False, District=null
2025-12-23T17:50:24 172.890 INF [RoadShapeFix] Single-tile settlement at 57, 56, using original exit direction North for cap (exits=1)
2025-12-23T17:50:24 172.890 INF [RoadShapeFix]   New exits: 1 (unknown(1))
2025-12-23T17:50:24 172.890 INF [RoadShapeFix]   CHANGE DETECTED: straight -> unknown(1)
2025-12-23T17:50:24 172.891 INF [RoadShapeFix] *** FIXED TILE 1/1: straight -> unknown(1) at 57, 56 in crashed ***
2025-12-23T17:50:24 172.891 INF [RoadShapeFix] --- Township 75: 1 tiles ---
2025-12-23T17:50:24 172.891 INF [RoadShapeFix] === Analyzing tile at 44, 11 in cross ===
2025-12-23T17:50:24 172.891 INF [RoadShapeFix]   Current exits: 5 (straight)
2025-12-23T17:50:24 172.891 INF [RoadShapeFix]   North: Neighbor at 44, 12, SameTownship=False, InStreets=False, District=null
2025-12-23T17:50:24 172.891 INF [RoadShapeFix]   East: Neighbor at 45, 11, SameTownship=False, InStreets=False, District=null
2025-12-23T17:50:24 172.891 INF [RoadShapeFix]   South: Neighbor at 44, 10, SameTownship=False, InStreets=False, District=null
2025-12-23T17:50:24 172.891 INF [RoadShapeFix]   West: Neighbor at 43, 11, SameTownship=False, InStreets=False, District=null
2025-12-23T17:50:24 172.892 INF [RoadShapeFix] Single-tile settlement at 44, 11, using original exit direction North for cap (exits=1)
2025-12-23T17:50:24 172.892 INF [RoadShapeFix]   New exits: 1 (unknown(1))
2025-12-23T17:50:24 172.892 INF [RoadShapeFix]   CHANGE DETECTED: straight -> unknown(1)
2025-12-23T17:50:24 172.892 INF [RoadShapeFix] *** FIXED TILE 1/1: straight -> unknown(1) at 44, 11 in cross ***
2025-12-23T17:50:24 172.892 INF [RoadShapeFix] --- Township 76: 1 tiles ---
2025-12-23T17:50:24 172.892 INF [RoadShapeFix] === Analyzing tile at 17, 52 in crystal ===
2025-12-23T17:50:24 172.892 INF [RoadShapeFix]   Current exits: 5 (straight)
2025-12-23T17:50:24 172.893 INF [RoadShapeFix]   North: Neighbor at 17, 53, SameTownship=False, InStreets=False, District=null
2025-12-23T17:50:24 172.893 INF [RoadShapeFix]   East: Neighbor at 18, 52, SameTownship=False, InStreets=False, District=wilderness
2025-12-23T17:50:24 172.893 INF [RoadShapeFix]   South: Neighbor at 17, 51, SameTownship=False, InStreets=False, District=null
2025-12-23T17:50:24 172.893 INF [RoadShapeFix]   West: Neighbor at 16, 52, SameTownship=False, InStreets=False, District=wilderness
2025-12-23T17:50:24 172.893 INF [RoadShapeFix] Single-tile settlement at 17, 52, using original exit direction North for cap (exits=1)
2025-12-23T17:50:24 172.893 INF [RoadShapeFix]   New exits: 1 (unknown(1))
2025-12-23T17:50:24 172.894 INF [RoadShapeFix]   CHANGE DETECTED: straight -> unknown(1)
2025-12-23T17:50:24 172.894 INF [RoadShapeFix] *** FIXED TILE 1/1: straight -> unknown(1) at 17, 52 in crystal ***
2025-12-23T17:50:24 172.894 INF [RoadShapeFix] --- Township 77: 1 tiles ---
2025-12-23T17:50:24 172.894 INF [RoadShapeFix] === Analyzing tile at 10, 67 in dam ===
2025-12-23T17:50:24 172.894 INF [RoadShapeFix]   Current exits: 5 (straight)
2025-12-23T17:50:24 172.894 INF [RoadShapeFix]   North: Neighbor at 10, 68, SameTownship=False, InStreets=False, District=null
2025-12-23T17:50:24 172.895 INF [RoadShapeFix]   East: Neighbor at 11, 67, SameTownship=False, InStreets=False, District=null
2025-12-23T17:50:24 172.895 INF [RoadShapeFix]   South: Neighbor at 10, 66, SameTownship=False, InStreets=False, District=null
2025-12-23T17:50:24 172.895 INF [RoadShapeFix]   West: Neighbor at 9, 67, SameTownship=False, InStreets=False, District=null
2025-12-23T17:50:24 172.895 INF [RoadShapeFix] Single-tile settlement at 10, 67, using original exit direction North for cap (exits=1)
2025-12-23T17:50:24 172.895 INF [RoadShapeFix]   New exits: 1 (unknown(1))
2025-12-23T17:50:24 172.895 INF [RoadShapeFix]   CHANGE DETECTED: straight -> unknown(1)
2025-12-23T17:50:24 172.895 INF [RoadShapeFix] *** FIXED TILE 1/1: straight -> unknown(1) at 10, 67 in dam ***
2025-12-23T17:50:24 172.895 INF [RoadShapeFix] --- Township 78: 1 tiles ---
2025-12-23T17:50:24 172.896 INF [RoadShapeFix] === Analyzing tile at 53, 10 in hernan ===
2025-12-23T17:50:24 172.896 INF [RoadShapeFix]   Current exits: 5 (straight)
2025-12-23T17:50:24 172.896 INF [RoadShapeFix]   North: Neighbor at 53, 11, SameTownship=False, InStreets=False, District=null
2025-12-23T17:50:24 172.896 INF [RoadShapeFix]   East: Neighbor at 54, 10, SameTownship=False, InStreets=False, District=null
2025-12-23T17:50:24 172.896 INF [RoadShapeFix]   South: Neighbor at 53, 9, SameTownship=False, InStreets=False, District=null
2025-12-23T17:50:24 172.896 INF [RoadShapeFix]   West: Neighbor at 52, 10, SameTownship=False, InStreets=False, District=null
2025-12-23T17:50:24 172.897 INF [RoadShapeFix] Single-tile settlement at 53, 10, using original exit direction North for cap (exits=1)
2025-12-23T17:50:24 172.897 INF [RoadShapeFix]   New exits: 1 (unknown(1))
2025-12-23T17:50:24 172.897 INF [RoadShapeFix]   CHANGE DETECTED: straight -> unknown(1)
2025-12-23T17:50:24 172.897 INF [RoadShapeFix] *** FIXED TILE 1/1: straight -> unknown(1) at 53, 10 in hernan ***
2025-12-23T17:50:24 172.897 INF [RoadShapeFix] --- Township 79: 1 tiles ---
2025-12-23T17:50:24 172.898 INF [RoadShapeFix] === Analyzing tile at 33, 43 in hilltop ===
2025-12-23T17:50:24 172.898 INF [RoadShapeFix]   Current exits: 5 (straight)
2025-12-23T17:50:24 172.898 INF [RoadShapeFix]   North: Neighbor at 33, 44, SameTownship=False, InStreets=False, District=wilderness
2025-12-23T17:50:24 172.898 INF [RoadShapeFix]   East: Neighbor at 34, 43, SameTownship=False, InStreets=False, District=null
2025-12-23T17:50:24 172.898 INF [RoadShapeFix]   South: Neighbor at 33, 42, SameTownship=False, InStreets=False, District=null
2025-12-23T17:50:24 172.898 INF [RoadShapeFix]   West: Neighbor at 32, 43, SameTownship=False, InStreets=False, District=null
2025-12-23T17:50:24 172.899 INF [RoadShapeFix] Single-tile settlement at 33, 43, using original exit direction North for cap (exits=1)
2025-12-23T17:50:24 172.899 INF [RoadShapeFix]   New exits: 1 (unknown(1))
2025-12-23T17:50:24 172.899 INF [RoadShapeFix]   CHANGE DETECTED: straight -> unknown(1)
2025-12-23T17:50:24 172.899 INF [RoadShapeFix] *** FIXED TILE 1/1: straight -> unknown(1) at 33, 43 in hilltop ***
2025-12-23T17:50:24 172.899 INF [RoadShapeFix] --- Township 80: 1 tiles ---
2025-12-23T17:50:24 172.899 INF [RoadShapeFix] === Analyzing tile at 41, 22 in itza ===
2025-12-23T17:50:24 172.900 INF [RoadShapeFix]   Current exits: 5 (straight)
2025-12-23T17:50:24 172.900 INF [RoadShapeFix]   North: Neighbor at 41, 23, SameTownship=False, InStreets=False, District=null
2025-12-23T17:50:24 172.900 INF [RoadShapeFix]   East: Neighbor at 42, 22, SameTownship=False, InStreets=False, District=null
2025-12-23T17:50:24 172.900 INF [RoadShapeFix]   South: Neighbor at 41, 21, SameTownship=False, InStreets=False, District=null
2025-12-23T17:50:24 172.900 INF [RoadShapeFix]   West: Neighbor at 40, 22, SameTownship=False, InStreets=False, District=null
2025-12-23T17:50:24 172.900 INF [RoadShapeFix] Single-tile settlement at 41, 22, using original exit direction North for cap (exits=1)
2025-12-23T17:50:24 172.900 INF [RoadShapeFix]   New exits: 1 (unknown(1))
2025-12-23T17:50:24 172.901 INF [RoadShapeFix]   CHANGE DETECTED: straight -> unknown(1)
2025-12-23T17:50:24 172.901 INF [RoadShapeFix] *** FIXED TILE 1/1: straight -> unknown(1) at 41, 22 in itza ***
2025-12-23T17:50:24 172.901 INF [RoadShapeFix] --- Township 81: 1 tiles ---
2025-12-23T17:50:24 172.901 INF [RoadShapeFix] === Analyzing tile at 54, 57 in junk ===
2025-12-23T17:50:24 172.901 INF [RoadShapeFix]   Current exits: 5 (straight)
2025-12-23T17:50:24 172.901 INF [RoadShapeFix]   North: Neighbor at 54, 58, SameTownship=False, InStreets=False, District=null
2025-12-23T17:50:24 172.902 INF [RoadShapeFix]   East: Neighbor at 55, 57, SameTownship=False, InStreets=False, District=null
2025-12-23T17:50:24 172.902 INF [RoadShapeFix]   South: Neighbor at 54, 56, SameTownship=False, InStreets=False, District=null
2025-12-23T17:50:24 172.902 INF [RoadShapeFix]   West: Neighbor at 53, 57, SameTownship=False, InStreets=False, District=null
2025-12-23T17:50:24 172.902 INF [RoadShapeFix] Single-tile settlement at 54, 57, using original exit direction North for cap (exits=1)
2025-12-23T17:50:24 172.902 INF [RoadShapeFix]   New exits: 1 (unknown(1))
2025-12-23T17:50:24 172.903 INF [RoadShapeFix]   CHANGE DETECTED: straight -> unknown(1)
2025-12-23T17:50:24 172.903 INF [RoadShapeFix] *** FIXED TILE 1/1: straight -> unknown(1) at 54, 57 in junk ***
2025-12-23T17:50:24 172.903 INF [RoadShapeFix] --- Township 82: 1 tiles ---
2025-12-23T17:50:24 172.903 INF [RoadShapeFix] === Analyzing tile at 24, 63 in limprison ===
2025-12-23T17:50:24 172.903 INF [RoadShapeFix]   Current exits: 5 (straight)
2025-12-23T17:50:24 172.903 INF [RoadShapeFix]   North: Neighbor at 24, 64, SameTownship=False, InStreets=False, District=null
2025-12-23T17:50:24 172.904 INF [RoadShapeFix]   East: Neighbor at 25, 63, SameTownship=False, InStreets=False, District=wilderness
2025-12-23T17:50:24 172.904 INF [RoadShapeFix]   South: Neighbor at 24, 62, SameTownship=False, InStreets=False, District=null
2025-12-23T17:50:24 172.904 INF [RoadShapeFix]   West: Neighbor at 23, 63, SameTownship=False, InStreets=False, District=wilderness
2025-12-23T17:50:24 172.904 INF [RoadShapeFix] Single-tile settlement at 24, 63, using original exit direction North for cap (exits=1)
2025-12-23T17:50:24 172.904 INF [RoadShapeFix]   New exits: 1 (unknown(1))
2025-12-23T17:50:24 172.904 INF [RoadShapeFix]   CHANGE DETECTED: straight -> unknown(1)
2025-12-23T17:50:24 172.904 INF [RoadShapeFix] *** FIXED TILE 1/1: straight -> unknown(1) at 24, 63 in limprison ***
2025-12-23T17:50:24 172.905 INF [RoadShapeFix] --- Township 83: 1 tiles ---
2025-12-23T17:50:24 172.905 INF [RoadShapeFix] === Analyzing tile at 49, 48 in mackprison ===
2025-12-23T17:50:24 172.905 INF [RoadShapeFix]   Current exits: 5 (straight)
2025-12-23T17:50:24 172.905 INF [RoadShapeFix]   North: Neighbor at 49, 49, SameTownship=False, InStreets=False, District=null
2025-12-23T17:50:24 172.905 INF [RoadShapeFix]   East: Neighbor at 50, 48, SameTownship=False, InStreets=False, District=null
2025-12-23T17:50:24 172.905 INF [RoadShapeFix]   South: Neighbor at 49, 47, SameTownship=False, InStreets=False, District=null
2025-12-23T17:50:24 172.906 INF [RoadShapeFix]   West: Neighbor at 48, 48, SameTownship=False, InStreets=False, District=null
2025-12-23T17:50:24 172.906 INF [RoadShapeFix] Single-tile settlement at 49, 48, using original exit direction North for cap (exits=1)
2025-12-23T17:50:24 172.906 INF [RoadShapeFix]   New exits: 1 (unknown(1))
2025-12-23T17:50:24 172.906 INF [RoadShapeFix]   CHANGE DETECTED: straight -> unknown(1)
2025-12-23T17:50:24 172.907 INF [RoadShapeFix] *** FIXED TILE 1/1: straight -> unknown(1) at 49, 48 in mackprison ***
2025-12-23T17:50:24 172.907 INF [RoadShapeFix] --- Township 84: 1 tiles ---
2025-12-23T17:50:24 172.907 INF [RoadShapeFix] === Analyzing tile at 67, 72 in militia ===
2025-12-23T17:50:24 172.907 INF [RoadShapeFix]   Current exits: 5 (straight)
2025-12-23T17:50:24 172.907 INF [RoadShapeFix]   North: Neighbor at 67, 73, SameTownship=False, InStreets=False, District=null
2025-12-23T17:50:24 172.907 INF [RoadShapeFix]   East: Neighbor at 68, 72, SameTownship=False, InStreets=False, District=wilderness
2025-12-23T17:50:24 172.908 INF [RoadShapeFix]   South: Neighbor at 67, 71, SameTownship=False, InStreets=False, District=null
2025-12-23T17:50:24 172.908 INF [RoadShapeFix]   West: Neighbor at 66, 72, SameTownship=False, InStreets=False, District=wilderness
2025-12-23T17:50:24 172.908 INF [RoadShapeFix] Single-tile settlement at 67, 72, using original exit direction North for cap (exits=1)
2025-12-23T17:50:24 172.908 INF [RoadShapeFix]   New exits: 1 (unknown(1))
2025-12-23T17:50:24 172.908 INF [RoadShapeFix]   CHANGE DETECTED: straight -> unknown(1)
2025-12-23T17:50:24 172.908 INF [RoadShapeFix] *** FIXED TILE 1/1: straight -> unknown(1) at 67, 72 in militia ***
2025-12-23T17:50:24 172.909 INF [RoadShapeFix] --- Township 85: 1 tiles ---
2025-12-23T17:50:24 172.909 INF [RoadShapeFix] === Analyzing tile at 12, 33 in minder ===
2025-12-23T17:50:24 172.909 INF [RoadShapeFix]   Current exits: 5 (straight)
2025-12-23T17:50:24 172.909 INF [RoadShapeFix]   North: Neighbor at 12, 34, SameTownship=False, InStreets=False, District=wilderness
2025-12-23T17:50:24 172.909 INF [RoadShapeFix]   East: Neighbor at 13, 33, SameTownship=False, InStreets=False, District=null
2025-12-23T17:50:24 172.909 INF [RoadShapeFix]   South: Neighbor at 12, 32, SameTownship=False, InStreets=False, District=null
2025-12-23T17:50:24 172.909 INF [RoadShapeFix]   West: Neighbor at 11, 33, SameTownship=False, InStreets=False, District=wilderness
2025-12-23T17:50:24 172.910 INF [RoadShapeFix] Single-tile settlement at 12, 33, using original exit direction North for cap (exits=1)
2025-12-23T17:50:24 172.910 INF [RoadShapeFix]   New exits: 1 (unknown(1))
2025-12-23T17:50:24 172.910 INF [RoadShapeFix]   CHANGE DETECTED: straight -> unknown(1)
2025-12-23T17:50:24 172.910 INF [RoadShapeFix] *** FIXED TILE 1/1: straight -> unknown(1) at 12, 33 in minder ***
2025-12-23T17:50:24 172.910 INF [RoadShapeFix] --- Township 86: 1 tiles ---
2025-12-23T17:50:24 172.910 INF [RoadShapeFix] === Analyzing tile at 14, 15 in zuggies ===
2025-12-23T17:50:24 172.911 INF [RoadShapeFix]   Current exits: 5 (straight)
2025-12-23T17:50:24 172.911 INF [RoadShapeFix]   North: Neighbor at 14, 16, SameTownship=False, InStreets=False, District=null
2025-12-23T17:50:24 172.911 INF [RoadShapeFix]   East: Neighbor at 15, 15, SameTownship=False, InStreets=False, District=null
2025-12-23T17:50:24 172.911 INF [RoadShapeFix]   South: Neighbor at 14, 14, SameTownship=False, InStreets=False, District=null
2025-12-23T17:50:24 172.911 INF [RoadShapeFix]   West: Neighbor at 13, 15, SameTownship=False, InStreets=False, District=null
2025-12-23T17:50:24 172.911 INF [RoadShapeFix] Single-tile settlement at 14, 15, using original exit direction North for cap (exits=1)
2025-12-23T17:50:24 172.912 INF [RoadShapeFix]   New exits: 1 (unknown(1))
2025-12-23T17:50:24 172.912 INF [RoadShapeFix]   CHANGE DETECTED: straight -> unknown(1)
2025-12-23T17:50:24 172.912 INF [RoadShapeFix] *** FIXED TILE 1/1: straight -> unknown(1) at 14, 15 in zuggies ***
2025-12-23T17:50:24 172.912 INF [RoadShapeFix] --- Township 87: 1 tiles ---
2025-12-23T17:50:24 172.912 INF [RoadShapeFix] === Analyzing tile at 65, 70 in nuketown ===
2025-12-23T17:50:24 172.912 INF [RoadShapeFix]   Current exits: 5 (straight)
2025-12-23T17:50:24 172.912 INF [RoadShapeFix]   North: Neighbor at 65, 71, SameTownship=False, InStreets=False, District=null
2025-12-23T17:50:24 172.912 INF [RoadShapeFix]   East: Neighbor at 66, 70, SameTownship=False, InStreets=False, District=null
2025-12-23T17:50:24 172.913 INF [RoadShapeFix]   South: Neighbor at 65, 69, SameTownship=False, InStreets=False, District=null
2025-12-23T17:50:24 172.913 INF [RoadShapeFix]   West: Neighbor at 64, 70, SameTownship=False, InStreets=False, District=wilderness
2025-12-23T17:50:24 172.913 INF [RoadShapeFix] Single-tile settlement at 65, 70, using original exit direction North for cap (exits=1)
2025-12-23T17:50:24 172.913 INF [RoadShapeFix]   New exits: 1 (unknown(1))
2025-12-23T17:50:24 172.913 INF [RoadShapeFix]   CHANGE DETECTED: straight -> unknown(1)
2025-12-23T17:50:24 172.914 INF [RoadShapeFix] *** FIXED TILE 1/1: straight -> unknown(1) at 65, 70 in nuketown ***
2025-12-23T17:50:24 172.914 INF [RoadShapeFix] --- Township 88: 1 tiles ---
2025-12-23T17:50:24 172.914 INF [RoadShapeFix] === Analyzing tile at 13, 10 in oil ===
2025-12-23T17:50:24 172.914 INF [RoadShapeFix]   Current exits: 5 (straight)
2025-12-23T17:50:24 172.914 INF [RoadShapeFix]   North: Neighbor at 13, 11, SameTownship=False, InStreets=False, District=null
2025-12-23T17:50:24 172.914 INF [RoadShapeFix]   East: Neighbor at 14, 10, SameTownship=False, InStreets=False, District=null
2025-12-23T17:50:24 172.915 INF [RoadShapeFix]   South: Neighbor at 13, 9, SameTownship=False, InStreets=False, District=null
2025-12-23T17:50:24 172.915 INF [RoadShapeFix]   West: Neighbor at 12, 10, SameTownship=False, InStreets=False, District=null
2025-12-23T17:50:24 172.915 INF [RoadShapeFix] Single-tile settlement at 13, 10, using original exit direction North for cap (exits=1)
2025-12-23T17:50:24 172.915 INF [RoadShapeFix]   New exits: 1 (unknown(1))
2025-12-23T17:50:24 172.915 INF [RoadShapeFix]   CHANGE DETECTED: straight -> unknown(1)
2025-12-23T17:50:24 172.915 INF [RoadShapeFix] *** FIXED TILE 1/1: straight -> unknown(1) at 13, 10 in oil ***
2025-12-23T17:50:24 172.916 INF [RoadShapeFix] --- Township 89: 1 tiles ---
2025-12-23T17:50:24 172.916 INF [RoadShapeFix] === Analyzing tile at 18, 42 in overlook ===
2025-12-23T17:50:24 172.916 INF [RoadShapeFix]   Current exits: 5 (straight)
2025-12-23T17:50:24 172.916 INF [RoadShapeFix]   North: Neighbor at 18, 43, SameTownship=False, InStreets=False, District=null
2025-12-23T17:50:24 172.916 INF [RoadShapeFix]   East: Neighbor at 19, 42, SameTownship=False, InStreets=False, District=null
2025-12-23T17:50:24 172.916 INF [RoadShapeFix]   South: Neighbor at 18, 41, SameTownship=False, InStreets=False, District=null
2025-12-23T17:50:24 172.916 INF [RoadShapeFix]   West: Neighbor at 17, 42, SameTownship=False, InStreets=False, District=null
2025-12-23T17:50:24 172.917 INF [RoadShapeFix] Single-tile settlement at 18, 42, using original exit direction North for cap (exits=1)
2025-12-23T17:50:24 172.917 INF [RoadShapeFix]   New exits: 1 (unknown(1))
2025-12-23T17:50:24 172.917 INF [RoadShapeFix]   CHANGE DETECTED: straight -> unknown(1)
2025-12-23T17:50:24 172.917 INF [RoadShapeFix] *** FIXED TILE 1/1: straight -> unknown(1) at 18, 42 in overlook ***
2025-12-23T17:50:24 172.917 INF [RoadShapeFix] --- Township 90: 1 tiles ---
2025-12-23T17:50:24 172.917 INF [RoadShapeFix] === Analyzing tile at 51, 21 in zzranch ===
2025-12-23T17:50:24 172.918 INF [RoadShapeFix]   Current exits: 5 (straight)
2025-12-23T17:50:24 172.918 INF [RoadShapeFix]   North: Neighbor at 51, 22, SameTownship=False, InStreets=False, District=wilderness
2025-12-23T17:50:24 172.918 INF [RoadShapeFix]   East: Neighbor at 52, 21, SameTownship=False, InStreets=False, District=wilderness
2025-12-23T17:50:24 172.918 INF [RoadShapeFix]   South: Neighbor at 51, 20, SameTownship=False, InStreets=False, District=null
2025-12-23T17:50:24 172.918 INF [RoadShapeFix]   West: Neighbor at 50, 21, SameTownship=False, InStreets=False, District=null
2025-12-23T17:50:24 172.918 INF [RoadShapeFix] Single-tile settlement at 51, 21, using original exit direction North for cap (exits=1)
2025-12-23T17:50:24 172.919 INF [RoadShapeFix]   New exits: 1 (unknown(1))
2025-12-23T17:50:24 172.919 INF [RoadShapeFix]   CHANGE DETECTED: straight -> unknown(1)
2025-12-23T17:50:24 172.919 INF [RoadShapeFix] *** FIXED TILE 1/1: straight -> unknown(1) at 51, 21 in zzranch ***
2025-12-23T17:50:24 172.919 INF [RoadShapeFix] ========================================
2025-12-23T17:50:24 172.919 INF [RoadShapeFix] POST-HIGHWAY SUMMARY:
2025-12-23T17:50:24 172.919 INF [RoadShapeFix] Processed 90 townships with 837 total tiles
2025-12-23T17:50:24 172.919 INF [RoadShapeFix] Fixed 42 tiles after highway planning
2025-12-23T17:50:24 172.920 INF [RoadShapeFix] ========================================
2025-12-23T17:50:25 173.372 INF Trader xcpv_trader_overrun_xtier, wasteland, rural, marker , at 4822, 10997
2025-12-23T17:50:26 174.720 INF Trader trader_joel, wasteland, gateway, marker , at 3485, 10535
2025-12-23T17:50:26 174.732 INF Trader trader_joel, wasteland, gateway, marker , at 4385, 9783
2025-12-23T17:50:27 175.272 INF Trader dw_trader_rekt, forest, rural, marker , at 7294, 6886
2025-12-23T17:50:27 175.277 INF [compodensityfix] Allowed POI 'xcpv_trailer_01_zztong' at 7294, 6857 - passed distance check (minDist=4000, distanceScale=0.3)
2025-12-23T17:50:27 175.398 INF [compodensityfix] Allowed POI 'xcpv_gas_station_01_zztong' at 7594, 6107 - passed distance check (minDist=4000, distanceScale=0.3)
2025-12-23T17:50:27 175.421 INF Trader dw_trader_rekt, forest, rural, marker , at 7518, 5896
2025-12-23T17:50:27 175.427 INF [compodensityfix] Allowed POI 'xcpv_cabin_02_zztong' at 7548, 5866 - passed distance check (minDist=4000, distanceScale=0.3)
2025-12-23T17:50:27 175.630 INF [compodensityfix] Allowed POI 'xcpv_filler_deverezieaux' at 6543, 6282 - passed distance check (minDist=4000, distanceScale=0.3)
2025-12-23T17:50:27 175.633 INF [compodensityfix] Allowed POI 'xcpv_eco_apartments_voltralux' at 6506, 6282 - passed distance check (minDist=4000, distanceScale=0.3)
2025-12-23T17:50:27 175.688 INF [compodensityfix] Allowed POI 'xcpv_store_xs_14_zztong' at 6806, 6282 - passed distance check (minDist=4000, distanceScale=0.3)
2025-12-23T17:50:27 175.855 INF [compodensityfix] Allowed POI 'xcpv_fanz_duplex_zeebark' at 6693, 6432 - passed distance check (minDist=4000, distanceScale=0.3)
2025-12-23T17:50:27 175.858 INF [compodensityfix] Allowed POI 'xcpv_gamers_cafe_mute' at 6656, 6432 - passed distance check (minDist=4000, distanceScale=0.3)
2025-12-23T17:50:28 176.308 INF [compodensityfix] Allowed POI 'xcpv_apartment_03_stallionsden' at 6543, 5982 - passed distance check (minDist=4000, distanceScale=0.3)
2025-12-23T17:50:28 176.311 INF [compodensityfix] Allowed POI 'xcpv_design_firm_evilracc0on' at 6506, 5982 - passed distance check (minDist=4000, distanceScale=0.3)
2025-12-23T17:50:28 176.517 INF [compodensityfix] Allowed POI 'xcpv_house_02_stallionsden' at 7445, 6095 - passed distance check (minDist=4000, distanceScale=0.3)
2025-12-23T17:50:28 176.757 INF [compodensityfix] Allowed POI 'xcpv_store_xs_17_zztong' at 9735, 7935 - passed distance check (minDist=4000, distanceScale=0.3)
2025-12-23T17:50:28 176.768 INF [compodensityfix] Allowed POI 'xcpv_store_xs_18_zztong' at 9394, 7814 - passed distance check (minDist=4000, distanceScale=0.3)
2025-12-23T17:50:28 176.802 INF [compodensityfix] Allowed POI 'xcpv_zmart_zeebark' at 8977, 7156 - passed distance check (minDist=4000, distanceScale=0.3)
2025-12-23T17:50:28 176.832 INF [compodensityfix] Allowed POI 'xcpv_tower_fluffy_panda' at 8944, 7485 - passed distance check (minDist=4000, distanceScale=0.3)
2025-12-23T17:50:28 176.839 INF [compodensityfix] Allowed POI 'xcpv_farm_house_15_oscerc' at 8944, 7451 - passed distance check (minDist=4000, distanceScale=0.3)
2025-12-23T17:50:28 176.846 INF [compodensityfix] Allowed POI 'xcpv_peggys_petting_zoo_fns' at 8977, 7456 - passed distance check (minDist=4000, distanceScale=0.3)
2025-12-23T17:50:28 176.878 INF [compodensityfix] Allowed POI 'xcpv_burrows_nauti_angel' at 8986, 7635 - passed distance check (minDist=4000, distanceScale=0.3)
2025-12-23T17:50:28 176.886 INF [compodensityfix] Allowed POI 'xcpv_ntt_hub_01_zztong' at 8986, 7594 - passed distance check (minDist=4000, distanceScale=0.3)
2025-12-23T17:50:28 177.089 INF [compodensityfix] Allowed POI 'xcpv_cabin_01_zztong' at 10144, 7151 - passed distance check (minDist=4000, distanceScale=0.3)
2025-12-23T17:50:28 177.096 INF [compodensityfix] Allowed POI 'xcpv_farm_barn_oscerc' at 10177, 7156 - passed distance check (minDist=4000, distanceScale=0.3)
2025-12-23T17:50:28 177.194 INF [compodensityfix] Allowed POI 'xcpv_trailer_03_zztong' at 10144, 7485 - passed distance check (minDist=4000, distanceScale=0.3)
2025-12-23T17:50:28 177.201 INF [compodensityfix] Allowed POI 'xcpv_taylors_camp_tdestructinator' at 10144, 7451 - passed distance check (minDist=4000, distanceScale=0.3)
2025-12-23T17:50:28 177.208 INF [compodensityfix] Allowed POI 'xcpv_field_coffee_01_zztong' at 10177, 7456 - passed distance check (minDist=4000, distanceScale=0.3)
2025-12-23T17:50:28 177.235 INF [compodensityfix] Allowed POI 'xcpv_stormwater_detention_pond_01_zztong' at 9844, 7935 - passed distance check (minDist=4000, distanceScale=0.3)
2025-12-23T17:50:28 177.242 INF [compodensityfix] Allowed POI 'xcpv_rural_filler_03_zztong' at 9844, 7901 - passed distance check (minDist=4000, distanceScale=0.3)
2025-12-23T17:50:28 177.248 INF [compodensityfix] Allowed POI 'xcpv_road_side_stop_zeebark' at 9877, 7906 - passed distance check (minDist=4000, distanceScale=0.3)
2025-12-23T17:50:28 177.260 INF [compodensityfix] Allowed POI 'xcpv_hestias_hot_spring_fns' at 9994, 7813 - passed distance check (minDist=4000, distanceScale=0.3)
2025-12-23T17:50:28 177.267 INF [compodensityfix] Allowed POI 'xcpv_electrical_substation_01_zztong' at 9955, 7813 - passed distance check (minDist=4000, distanceScale=0.3)
2025-12-23T17:50:29 177.375 INF [compodensityfix] Allowed POI 'xcpv_rural_filler_02_zztong' at 10144, 7855 - passed distance check (minDist=4000, distanceScale=0.3)
2025-12-23T17:50:29 177.427 INF [compodensityfix] Allowed POI 'xcpv_rural_filler_04_zztong' at 10294, 7636 - passed distance check (minDist=4000, distanceScale=0.3)
2025-12-23T17:50:29 177.433 INF [compodensityfix] Allowed POI 'xcpv_field_corn_01_zztong' at 10294, 7607 - passed distance check (minDist=4000, distanceScale=0.3)
2025-12-23T17:50:29 177.461 INF [compodensityfix] Allowed POI 'xcpv_field_cotton_01_zztong' at 10255, 7405 - passed distance check (minDist=4000, distanceScale=0.3)
2025-12-23T17:50:29 177.473 INF [compodensityfix] Allowed POI 'xcpv_field_chickens_01_zztong' at 10213, 7255 - passed distance check (minDist=4000, distanceScale=0.3)
2025-12-23T17:50:29 177.480 INF [compodensityfix] Allowed POI 'xcpv_potatofield_oscerc' at 10213, 7229 - passed distance check (minDist=4000, distanceScale=0.3)
2025-12-23T17:50:29 177.486 INF [compodensityfix] Allowed POI 'xcpv_field_blueberry_01_zztong' at 10213, 7294 - passed distance check (minDist=4000, distanceScale=0.3)
2025-12-23T17:50:29 177.492 INF [compodensityfix] Allowed POI 'xcpv_mass_grave_01_zztong' at 10213, 7320 - passed distance check (minDist=4000, distanceScale=0.3)
2025-12-23T17:50:29 177.498 INF [compodensityfix] Allowed POI 'kevbal_cavepoi_10' at 10335, 7214 - passed distance check (minDist=250, distanceScale=0.3)
2025-12-23T17:50:29 177.529 INF [compodensityfix] Allowed POI 'park_residential_01_exd_svr' at 10248, 7096 - passed distance check (minDist=250, distanceScale=0.3)
2025-12-23T17:50:29 177.535 INF [compodensityfix] Allowed POI 'vb_swope25_abandoned_bunker' at 10218, 7096 - passed distance check (minDist=750, distanceScale=0.3)
2025-12-23T17:50:29 177.541 INF [compodensityfix] Allowed POI 'water_tower_03' at 10248, 7066 - passed distance check (minDist=250, distanceScale=0.3)
2025-12-23T17:50:29 177.798 INF [compodensityfix] Allowed POI 'xcpv_zee_plantz_zeebark' at 9843, 7182 - passed distance check (minDist=4000, distanceScale=0.3)
2025-12-23T17:50:29 177.801 INF [compodensityfix] Allowed POI 'xcpv_frat_house_evilracc0on' at 9806, 7182 - passed distance check (minDist=4000, distanceScale=0.3)
2025-12-23T17:50:30 178.279 INF [compodensityfix] Allowed POI 'xcpv_house_03_stallionsden' at 9845, 7445 - passed distance check (minDist=4000, distanceScale=0.3)
2025-12-23T17:50:30 178.487 INF [compodensityfix] Allowed POI 'xcpv_uptown_filler_10_luziphermst' at 9162, 7487 - passed distance check (minDist=4000, distanceScale=0.3)
2025-12-23T17:50:30 178.506 INF [compodensityfix] Allowed POI 'xcpv_uptown_filler_06_luziphermst' at 9204, 7487 - passed distance check (minDist=4000, distanceScale=0.3)
2025-12-23T17:50:30 178.524 INF [compodensityfix] Allowed POI 'xcpv_massage_parlour_stallionsden' at 9175, 7453 - passed distance check (minDist=4000, distanceScale=0.3)
2025-12-23T17:50:30 178.541 INF [compodensityfix] Allowed POI 'xcpv_uptown_filler_07_luziphermst' at 9204, 7444 - passed distance check (minDist=4000, distanceScale=0.3)
2025-12-23T17:50:30 178.558 INF [compodensityfix] Allowed POI 'xcpv_zee_antiques_zeebark' at 9287, 7444 - passed distance check (minDist=4000, distanceScale=0.3)
2025-12-23T17:50:30 178.575 INF [compodensityfix] Allowed POI 'xcpv_uptown_filler_04_luziphermst' at 9162, 7404 - passed distance check (minDist=4000, distanceScale=0.3)
2025-12-23T17:50:30 178.591 INF [compodensityfix] Allowed POI 'xcpv_uptown_filler_03_luziphermst' at 9204, 7404 - passed distance check (minDist=4000, distanceScale=0.3)
2025-12-23T17:50:30 178.620 INF [compodensityfix] Allowed POI 'xcpv_house_10_zztong' at 9279, 7145 - passed distance check (minDist=4000, distanceScale=0.3)
2025-12-23T17:50:30 178.626 INF [compodensityfix] Allowed POI 'xcpv_house_14_zztong' at 9245, 7172 - passed distance check (minDist=4000, distanceScale=0.3)
2025-12-23T17:50:30 178.631 INF [compodensityfix] Allowed POI 'xcpv_house_11_zztong' at 9245, 7145 - passed distance check (minDist=4000, distanceScale=0.3)
2025-12-23T17:50:30 178.741 INF [compodensityfix] Allowed POI 'xcpv_pet_salon_zeebark' at 9693, 7032 - passed distance check (minDist=4000, distanceScale=0.3)
2025-12-23T17:50:30 178.743 INF [compodensityfix] Allowed POI 'xcpv_tattoo_parlour_mute' at 9656, 7032 - passed distance check (minDist=4000, distanceScale=0.3)
2025-12-23T17:50:30 178.775 INF [compodensityfix] Allowed POI 'xcpv_store_xs_13_zztong' at 9993, 7182 - passed distance check (minDist=4000, distanceScale=0.3)
2025-12-23T17:50:30 178.778 INF [compodensityfix] Allowed POI 'xcpv_pizza_time_fns' at 9956, 7182 - passed distance check (minDist=4000, distanceScale=0.3)
2025-12-23T17:50:30 178.813 INF [compodensityfix] Allowed POI 'xcpv_entrance_sinkhole_fns' at 9843, 7032 - passed distance check (minDist=4000, distanceScale=0.3)
2025-12-23T17:50:30 178.816 INF [compodensityfix] REJECTED duplicate POI 'xcpv_filler_deverezieaux' at 9806, 7032 - would violate minimum distance of 4000 blocks (25% of 16000), distanceScale was 0
2025-12-23T17:50:30 178.817 WRN SpawnMarkerPartsAndPrefabs failed commercial, tags , size 25, 25 25, 25, totalDensityLeft 1507.5
2025-12-23T17:50:30 178.847 INF [compodensityfix] Allowed POI 'remnant_business_06' at 9993, 7332 - passed distance check (minDist=250, distanceScale=0.3)
2025-12-23T17:50:30 178.851 INF [compodensityfix] Allowed POI 'park_azaroth_svr' at 9956, 7332 - passed distance check (minDist=250, distanceScale=0.3)
2025-12-23T17:50:30 178.890 INF [compodensityfix] Allowed POI 'xcpv_basement_pvwolfgang' at 10029, 7595 - passed distance check (minDist=4000, distanceScale=0.3)
2025-12-23T17:50:30 178.895 INF [compodensityfix] Allowed POI 'xcpv_cubish_evilracc0on' at 9995, 7622 - passed distance check (minDist=4000, distanceScale=0.3)
2025-12-23T17:50:30 178.900 INF [compodensityfix] Allowed POI 'xcpv_house_01_stallionsden' at 9995, 7595 - passed distance check (minDist=4000, distanceScale=0.3)
2025-12-23T17:50:30 179.058 INF [compodensityfix] REJECTED duplicate POI 'xcpv_filler_deverezieaux' at 10143, 7332 - would violate minimum distance of 4000 blocks (25% of 16000), distanceScale was 0
2025-12-23T17:50:30 179.059 WRN SpawnMarkerPartsAndPrefabs failed commercial, tags , size 25, 25 25, 25, totalDensityLeft 1638.9
2025-12-23T17:50:30 179.062 INF [compodensityfix] REJECTED duplicate POI 'xcpv_filler_deverezieaux' at 10106, 7332 - would violate minimum distance of 4000 blocks (25% of 16000), distanceScale was 0
2025-12-23T17:50:30 179.062 WRN SpawnMarkerPartsAndPrefabs failed commercial, tags , size 25, 25 25, 25, totalDensityLeft 1616.9
2025-12-23T17:50:30 179.102 INF [compodensityfix] Allowed POI 'xcpv_house_08_zztong' at 9129, 6995 - passed distance check (minDist=4000, distanceScale=0.3)
2025-12-23T17:50:30 179.108 INF [compodensityfix] Allowed POI 'xcpv_house_15_zztong' at 9095, 7022 - passed distance check (minDist=4000, distanceScale=0.3)
2025-12-23T17:50:30 179.113 INF [compodensityfix] Allowed POI 'xcpv_house_22_zztong' at 9095, 6995 - passed distance check (minDist=4000, distanceScale=0.3)
2025-12-23T17:50:30 179.120 INF Trader trader_jen, burntForest, gateway, marker , at 10465, 7770
2025-12-23T17:50:30 179.140 INF Trader trader_jen, burntForest, gateway, marker , at 8775, 6784
2025-12-23T17:50:31 179.547 INF [compodensityfix] Allowed POI 'xcpv_gas_station_01_zztong' at 11207, 10405 - passed distance check (minDist=4000, distanceScale=0.3)
2025-12-23T17:50:31 179.615 INF Trader dw_trader_joel, wasteland, rural, marker , at 11344, 10635
2025-12-23T17:50:31 179.623 INF [compodensityfix] Allowed POI 'xcpv_chicken_survivor_site_01_weazelsun' at 11344, 10601 - passed distance check (minDist=4000, distanceScale=0.3)
2025-12-23T17:50:31 179.632 INF [compodensityfix] Allowed POI 'xcpv_field_fish_01_zztong' at 11377, 10606 - passed distance check (minDist=4000, distanceScale=0.3)
2025-12-23T17:50:31 179.674 INF [compodensityfix] Allowed POI 'xcpv_barn_baziez' at 11503, 10822 - passed distance check (minDist=4000, distanceScale=0.3)
2025-12-23T17:50:31 179.680 INF [compodensityfix] Allowed POI 'xcpv_the_voke_fns' at 11447, 10847 - passed distance check (minDist=4000, distanceScale=0.3)
2025-12-23T17:50:31 179.688 INF [compodensityfix] Allowed POI 'xcpv_field_hop_01_zztong' at 11494, 10855 - passed distance check (minDist=4000, distanceScale=0.3)
2025-12-23T17:50:31 179.714 INF [compodensityfix] Allowed POI 'xcpv_trader_overrun_xtier' at 11503, 10679 - passed distance check (minDist=4000, distanceScale=0.3)
2025-12-23T17:50:31 179.715 INF Trader xcpv_trader_overrun_xtier, wasteland, rural, marker , at 11503, 10679
2025-12-23T17:50:31 179.723 INF [compodensityfix] Allowed POI 'xcpv_field_animals_01_zztong' at 11494, 10786 - passed distance check (minDist=4000, distanceScale=0.3)
2025-12-23T17:50:31 179.731 INF [compodensityfix] Allowed POI 'xcpv_garage_01_zztong' at 11494, 10757 - passed distance check (minDist=4000, distanceScale=0.3)
2025-12-23T17:50:31 179.757 INF [compodensityfix] Allowed POI 'xcpv_ranger_hq_01_zztong' at 11422, 10547 - passed distance check (minDist=4000, distanceScale=0.3)
2025-12-23T17:50:31 179.785 INF [compodensityfix] Allowed POI 'xcpv_farmer_giles_arramus' at 11272, 10397 - passed distance check (minDist=4000, distanceScale=0.3)
2025-12-23T17:50:31 179.806 INF [compodensityfix] Allowed POI 'xcpv_fire_academy_01_zztong' at 10547, 10478 - passed distance check (minDist=4000, distanceScale=0.3)
2025-12-23T17:50:31 180.218 INF [compodensityfix] Allowed POI 'xcpv_filler_deverezieaux' at 11193, 10782 - passed distance check (minDist=4000, distanceScale=0.3)
2025-12-23T17:50:31 180.221 INF [compodensityfix] Allowed POI 'xcpv_eco_apartments_voltralux' at 11156, 10782 - passed distance check (minDist=4000, distanceScale=0.3)
2025-12-23T17:50:32 180.576 INF Trader dw_trader_rekt, forest, rural, marker , at 5605, 4186
2025-12-23T17:50:32 180.612 INF [compodensityfix] Allowed POI 'xcpv_store_xs_17_zztong' at 5455, 4294 - passed distance check (minDist=4000, distanceScale=0.3)
2025-12-23T17:50:32 180.781 INF [compodensityfix] Allowed POI 'xcpv_park_distribution_site_weazelsun' at 5203, 4547 - passed distance check (minDist=4000, distanceScale=0.3)
2025-12-23T17:50:32 180.785 INF Trader dw_trader_rekt, forest, rural, marker , at 5194, 4594
2025-12-23T17:50:32 180.822 INF [compodensityfix] Allowed POI 'xcpv_farmers_market_01_zztong' at 5228, 4752 - passed distance check (minDist=4000, distanceScale=0.3)
2025-12-23T17:50:32 180.828 INF [compodensityfix] Allowed POI 'xcpv_landscaper_01_zztong' at 5181, 4752 - passed distance check (minDist=4000, distanceScale=0.3)
2025-12-23T17:50:32 180.847 INF [compodensityfix] Allowed POI 'xcpv_store_xs_18_zztong' at 5386, 4935 - passed distance check (minDist=4000, distanceScale=0.3)
2025-12-23T17:50:32 180.856 INF [compodensityfix] Allowed POI 'xcpv_cabin_01_zztong' at 5386, 4894 - passed distance check (minDist=4000, distanceScale=0.3)
2025-12-23T17:50:32 180.876 INF [compodensityfix] Allowed POI 'xcpv_car_wash_01_zztong' at 5297, 4328 - passed distance check (minDist=4000, distanceScale=0.3)
2025-12-23T17:50:32 181.064 INF [compodensityfix] Allowed POI 'xcpv_store_xs_13_zztong' at 5906, 4482 - passed distance check (minDist=4000, distanceScale=0.3)
2025-12-23T17:50:32 181.135 INF [compodensityfix] Allowed POI 'xcpv_house_09_zztong' at 5645, 4472 - passed distance check (minDist=4000, distanceScale=0.3)
2025-12-23T17:50:32 181.141 INF [compodensityfix] Allowed POI 'xcpv_house_02_frank_souza' at 5645, 4445 - passed distance check (minDist=4000, distanceScale=0.3)
2025-12-23T17:50:32 181.192 INF [compodensityfix] Allowed POI 'vb_fns_entrance_verysmallsinkhole' at 5943, 4632 - passed distance check (minDist=750, distanceScale=0.3)
2025-12-23T17:50:32 181.195 INF [compodensityfix] Allowed POI 'park_azaroth_svr' at 5906, 4632 - passed distance check (minDist=250, distanceScale=0.3)
2025-12-23T17:50:32 181.266 INF [compodensityfix] Allowed POI 'xcpv_house_06_zztong' at 5529, 4745 - passed distance check (minDist=4000, distanceScale=0.3)
2025-12-23T17:50:33 181.272 INF [compodensityfix] Allowed POI 'xcpv_homeless_house_chickenrh' at 5495, 4772 - passed distance check (minDist=4000, distanceScale=0.3)
2025-12-23T17:50:33 181.277 INF [compodensityfix] Allowed POI 'xcpv_tiny_house_02_katspurr' at 5495, 4745 - passed distance check (minDist=4000, distanceScale=0.3)
2025-12-23T17:50:33 181.320 INF [compodensityfix] Allowed POI 'xcpv_zee_plantz_zeebark' at 5493, 4482 - passed distance check (minDist=4000, distanceScale=0.3)
2025-12-23T17:50:33 181.325 INF [compodensityfix] Allowed POI 'xcpv_frat_house_evilracc0on' at 5456, 4482 - passed distance check (minDist=4000, distanceScale=0.3)
2025-12-23T17:50:33 182.008 INF [compodensityfix] Allowed POI 'vb_fns_sloped_cave' at 9660, 4063 - passed distance check (minDist=1000, distanceScale=0.3)
2025-12-23T17:50:33 182.050 INF [compodensityfix] Allowed POI 'vb_fns_spiral_cave' at 9101, 4903 - passed distance check (minDist=1000, distanceScale=0.3)
2025-12-23T17:50:33 182.057 INF [compodensityfix] Allowed POI 'park_residential_01_exd_svr' at 9131, 4903 - passed distance check (minDist=250, distanceScale=0.3)
2025-12-23T17:50:33 182.093 INF [compodensityfix] Allowed POI 'park_residential_01_exd_svr' at 8986, 4405 - passed distance check (minDist=250, distanceScale=0.3)
2025-12-23T17:50:33 182.100 INF [compodensityfix] Allowed POI 'utility_celltower_03' at 8957, 4405 - passed distance check (minDist=250, distanceScale=0.3)
2025-12-23T17:50:33 182.132 INF [compodensityfix] Allowed POI 'xcpv_barn_baziez' at 8953, 4547 - passed distance check (minDist=4000, distanceScale=0.3)
2025-12-23T17:50:33 182.140 INF [compodensityfix] Allowed POI 'kevbal_cavepoi_10' at 8944, 4594 - passed distance check (minDist=250, distanceScale=0.3)
2025-12-23T17:50:33 182.148 INF [compodensityfix] Allowed POI 'park_azaroth_svr' at 8985, 4705 - passed distance check (minDist=250, distanceScale=0.3)
2025-12-23T17:50:33 182.154 INF [compodensityfix] Allowed POI 'vb_fns_eclipse_bunker' at 8944, 4664 - passed distance check (minDist=250, distanceScale=0.3)
2025-12-23T17:50:33 182.198 INF [compodensityfix] Allowed POI 'xcpv_the_voke_fns' at 9048, 4131 - passed distance check (minDist=4000, distanceScale=0.3)
2025-12-23T17:50:33 182.205 INF [compodensityfix] Allowed POI 'kevbal_cavepoi_10' at 9013, 4169 - passed distance check (minDist=250, distanceScale=0.3)
2025-12-23T17:50:33 182.212 INF [compodensityfix] Allowed POI 'park_azaroth_svr' at 9013, 4139 - passed distance check (minDist=250, distanceScale=0.3)
2025-12-23T17:50:34 182.394 INF [compodensityfix] Allowed POI 'vb_fns_entrance_verysmallsinkhole' at 9206, 4632 - passed distance check (minDist=750, distanceScale=0.3)
2025-12-23T17:50:34 182.449 INF [compodensityfix] Allowed POI 'remnant_business_06' at 9543, 4632 - passed distance check (minDist=250, distanceScale=0.3)
2025-12-23T17:50:34 182.452 INF [compodensityfix] Allowed POI 'park_azaroth_svr' at 9506, 4632 - passed distance check (minDist=250, distanceScale=0.3)
2025-12-23T17:50:34 182.772 INF [compodensityfix] Allowed POI 'xcpv_cqc_house_evilracc0on' at 9395, 4295 - passed distance check (minDist=4000, distanceScale=0.3)
2025-12-23T17:50:34 182.819 INF [compodensityfix] Allowed POI 'xcpv_tiny_house_04_katspurr' at 9579, 4295 - passed distance check (minDist=4000, distanceScale=0.3)
2025-12-23T17:50:34 182.825 INF [compodensityfix] Allowed POI 'xcpv_tiny_house_03_katspurr' at 9545, 4322 - passed distance check (minDist=4000, distanceScale=0.3)
2025-12-23T17:50:34 182.830 INF [compodensityfix] Allowed POI 'xcpv_dog_park_happycapygaming' at 9545, 4295 - passed distance check (minDist=4000, distanceScale=0.3)
2025-12-23T17:50:34 182.890 INF Trader trader_jen, burntForest, gateway, marker , at 9334, 5025
2025-12-23T17:50:34 182.906 INF Trader trader_jen, burntForest, gateway, marker , at 9484, 3975
2025-12-23T17:50:35 183.361 INF [compodensityfix] Allowed POI 'xcpv_gas_station_01_zztong' at 3955, 2455 - passed distance check (minDist=4000, distanceScale=0.3)
2025-12-23T17:50:35 183.419 INF [compodensityfix] Allowed POI 'xcpv_paddys_pumpkin_patch_fns' at 3013, 2489 - passed distance check (minDist=4000, distanceScale=0.3)
2025-12-23T17:50:35 183.459 INF Trader dw_trader_bob, desert, rural, marker , at 3103, 2580
2025-12-23T17:50:35 183.505 INF [compodensityfix] Allowed POI 'xcpv_farm_house_lazyturtle89' at 3081, 2802 - passed distance check (minDist=4000, distanceScale=0.3)
2025-12-23T17:50:35 183.515 INF [compodensityfix] Allowed POI 'xcpv_field_aloe_01_zztong' at 3119, 2836 - passed distance check (minDist=4000, distanceScale=0.3)
2025-12-23T17:50:35 183.525 INF [compodensityfix] Allowed POI 'xcpv_field_pumpkin_01_zztong' at 3089, 2836 - passed distance check (minDist=4000, distanceScale=0.3)
2025-12-23T17:50:35 183.541 INF [compodensityfix] Allowed POI 'xcpv_lot_for_sale_zeebark' at 3286, 2985 - passed distance check (minDist=4000, distanceScale=0.3)
2025-12-23T17:50:35 183.551 INF [compodensityfix] Allowed POI 'xcpv_rural_filler_01_zztong' at 3286, 2944 - passed distance check (minDist=4000, distanceScale=0.3)
2025-12-23T17:50:35 183.592 INF [compodensityfix] Allowed POI 'xcpv_field_potato_01_zztong' at 3244, 2344 - passed distance check (minDist=4000, distanceScale=0.3)
2025-12-23T17:50:35 183.610 INF Trader dw_trader_bob, desert, rural, marker , at 3472, 2147
2025-12-23T17:50:35 183.626 INF [compodensityfix] Allowed POI 'xcpv_field_yucca_01_zztong' at 3355, 2236 - passed distance check (minDist=4000, distanceScale=0.3)
2025-12-23T17:50:35 183.637 INF [compodensityfix] Allowed POI 'xcpv_field_mushroom_01_zztong' at 3329, 2236 - passed distance check (minDist=4000, distanceScale=0.3)
2025-12-23T17:50:35 183.648 INF [compodensityfix] Allowed POI 'xcpv_cabin_02_zztong' at 3394, 2236 - passed distance check (minDist=4000, distanceScale=0.3)
2025-12-23T17:50:35 183.659 INF [compodensityfix] Allowed POI 'xcpv_trailer_01_zztong' at 3420, 2236 - passed distance check (minDist=4000, distanceScale=0.3)
2025-12-23T17:50:35 183.670 INF [compodensityfix] Allowed POI 'xcpv_zmart_zeebark' at 3314, 2114 - passed distance check (minDist=4000, distanceScale=0.3)
2025-12-23T17:50:35 183.702 INF [compodensityfix] Allowed POI 'xcpv_barn_oscerc' at 3197, 2228 - passed distance check (minDist=4000, distanceScale=0.3)
2025-12-23T17:50:35 183.714 INF [compodensityfix] Allowed POI 'xcpv_tower_fluffy_panda' at 3205, 2194 - passed distance check (minDist=4000, distanceScale=0.3)
2025-12-23T17:50:35 183.886 INF [compodensityfix] Allowed POI 'xcpv_store_xs_14_zztong' at 3693, 2532 - passed distance check (minDist=4000, distanceScale=0.3)
2025-12-23T17:50:35 183.890 INF [compodensityfix] Allowed POI 'xcpv_fanz_duplex_zeebark' at 3656, 2532 - passed distance check (minDist=4000, distanceScale=0.3)
2025-12-23T17:50:35 183.980 INF [compodensityfix] Allowed POI 'xcpv_modern_house_lazyturtle89' at 3279, 2645 - passed distance check (minDist=4000, distanceScale=0.3)
2025-12-23T17:50:35 183.988 INF [compodensityfix] Allowed POI 'xcpv_house_07_zztong' at 3245, 2672 - passed distance check (minDist=4000, distanceScale=0.3)
2025-12-23T17:50:35 183.996 INF [compodensityfix] Allowed POI 'xcpv_tiny_house_01_katspurr' at 3245, 2645 - passed distance check (minDist=4000, distanceScale=0.3)
2025-12-23T17:50:35 184.050 INF [compodensityfix] Allowed POI 'xcpv_house_12_zztong' at 3429, 2495 - passed distance check (minDist=4000, distanceScale=0.3)
2025-12-23T17:50:35 184.057 INF [compodensityfix] Allowed POI 'xcpv_house_13_zztong' at 3395, 2522 - passed distance check (minDist=4000, distanceScale=0.3)
2025-12-23T17:50:35 184.065 INF [compodensityfix] Allowed POI 'xcpv_house_02_fortbrick' at 3395, 2495 - passed distance check (minDist=4000, distanceScale=0.3)
2025-12-23T17:50:36 184.349 INF Trader dw_trader_joel, wasteland, rural, marker , at 6403, 9498
2025-12-23T17:50:36 184.355 INF [compodensityfix] Allowed POI 'vb_fns_sloped_cave' at 6403, 9468 - passed distance check (minDist=1000, distanceScale=0.3)
2025-12-23T17:50:36 184.361 INF [compodensityfix] Allowed POI 'vb_fns_spiral_cave' at 6433, 9498 - passed distance check (minDist=1000, distanceScale=0.3)
2025-12-23T17:50:36 184.618 INF [compodensityfix] Allowed POI 'xcpv_sale_02_stallionsden' at 6095, 9545 - passed distance check (minDist=4000, distanceScale=0.3)
2025-12-23T17:50:36 185.080 INF Trader dw_trader_joel, wasteland, rural, marker , at 7963, 9419
2025-12-23T17:50:36 185.087 INF [compodensityfix] Allowed POI 'vb_swope25_abandoned_bunker' at 7963, 9389 - passed distance check (minDist=750, distanceScale=0.3)
2025-12-23T17:50:36 185.097 INF [compodensityfix] Allowed POI 'vb_fns_sloped_cave' at 7935, 9544 - passed distance check (minDist=1000, distanceScale=0.3)
2025-12-23T17:50:36 185.147 INF [compodensityfix] Allowed POI 'vb_fns_spiral_cave' at 7901, 9853 - passed distance check (minDist=1000, distanceScale=0.3)
2025-12-23T17:50:36 185.153 INF [compodensityfix] Allowed POI 'park_residential_01_exd_svr' at 7931, 9853 - passed distance check (minDist=250, distanceScale=0.3)
2025-12-23T17:50:36 185.160 INF [compodensityfix] Allowed POI 'vb_fns_eclipse_bunker' at 7901, 9883 - passed distance check (minDist=250, distanceScale=0.3)
2025-12-23T17:50:37 185.574 INF Trader dw_trader_joel, wasteland, residential, marker , at 8304, 9885
2025-12-23T17:50:37 185.668 INF [compodensityfix] Allowed POI 'vb_fns_entrance_verysmallsinkhole' at 8306, 9582 - passed distance check (minDist=750, distanceScale=0.3)
2025-12-23T17:50:37 185.707 INF [compodensityfix] Allowed POI 'park_residential_01_exd_svr' at 8193, 9582 - passed distance check (minDist=250, distanceScale=0.3)
2025-12-23T17:50:37 185.710 INF [compodensityfix] Allowed POI 'park_azaroth_svr' at 8156, 9582 - passed distance check (minDist=250, distanceScale=0.3)
2025-12-23T17:50:37 185.876 INF [compodensityfix] Allowed POI 'vb_fns_paddys_pumpkin_patch' at 8045, 9572 - passed distance check (minDist=750, distanceScale=0.3)
2025-12-23T17:50:37 185.882 INF [compodensityfix] Allowed POI 'svarii_entrance_06' at 8045, 9545 - passed distance check (minDist=250, distanceScale=0.3)
2025-12-23T17:50:37 185.941 INF [compodensityfix] Allowed POI 'remnant_business_06' at 8043, 9882 - passed distance check (minDist=250, distanceScale=0.3)
2025-12-23T17:50:37 185.943 INF [compodensityfix] Allowed POI 'park_azaroth_svr' at 8006, 9882 - passed distance check (minDist=250, distanceScale=0.3)
2025-12-23T17:50:37 186.052 INF Trader dw_trader_joel, wasteland, rural, marker , at 9101, 9883
2025-12-23T17:50:38 186.763 INF [compodensityfix] Allowed POI 'xcpv_sale_04_stallionsden' at 9129, 9695 - passed distance check (minDist=4000, distanceScale=0.3)
2025-12-23T17:50:38 186.769 INF [compodensityfix] Allowed POI 'xcpv_house_09_zztong' at 9095, 9722 - passed distance check (minDist=4000, distanceScale=0.3)
2025-12-23T17:50:38 186.775 INF [compodensityfix] Allowed POI 'xcpv_house_02_frank_souza' at 9095, 9695 - passed distance check (minDist=4000, distanceScale=0.3)
2025-12-23T17:50:38 186.988 INF Trader dw_trader_joel, wasteland, commercial, marker , at 9693, 9732
2025-12-23T17:50:38 186.991 INF [compodensityfix] Allowed POI 'xcpv_apartment_03_stallionsden' at 9656, 9732 - passed distance check (minDist=4000, distanceScale=0.3)
2025-12-23T17:50:38 187.035 INF [compodensityfix] Allowed POI 'xcpv_design_firm_evilracc0on' at 9693, 10032 - passed distance check (minDist=4000, distanceScale=0.3)
2025-12-23T17:50:38 187.038 INF [compodensityfix] Allowed POI 'vb_fns_entrance_verysmallsinkhole' at 9656, 10032 - passed distance check (minDist=750, distanceScale=0.3)
2025-12-23T17:50:38 187.262 INF Trader dw_trader_joel, wasteland, rural, marker , at 7151, 11083
2025-12-23T17:50:39 187.277 INF [compodensityfix] Allowed POI 'vb_fns_spiral_cave' at 6994, 10813 - passed distance check (minDist=1000, distanceScale=0.3)
2025-12-23T17:50:39 187.284 INF [compodensityfix] Allowed POI 'park_residential_01_exd_svr' at 7020, 10813 - passed distance check (minDist=250, distanceScale=0.3)
2025-12-23T17:50:39 187.295 INF [compodensityfix] Allowed POI 'vb_fns_eclipse_bunker' at 6929, 10813 - passed distance check (minDist=250, distanceScale=0.3)
2025-12-23T17:50:39 187.303 INF [compodensityfix] Allowed POI 'xcpv_field_mushroom_01_zztong' at 7035, 10935 - passed distance check (minDist=4000, distanceScale=0.3)
2025-12-23T17:50:39 187.349 INF Trader dw_trader_joel, wasteland, rural, marker , at 7555, 10555
2025-12-23T17:50:39 187.395 INF [compodensityfix] Allowed POI 'vb_swope25_abandoned_bunker' at 7405, 10405 - passed distance check (minDist=750, distanceScale=0.3)
2025-12-23T17:50:39 187.439 INF [compodensityfix] Allowed POI 'utility_celltower_02' at 7255, 10444 - passed distance check (minDist=250, distanceScale=0.3)
2025-12-23T17:50:39 187.450 INF [compodensityfix] Allowed POI 'kevbal_cavepoi_10' at 7144, 10635 - passed distance check (minDist=250, distanceScale=0.3)
2025-12-23T17:50:39 187.458 INF [compodensityfix] Allowed POI 'vb_fns_eclipse_bunker' at 7185, 10594 - passed distance check (minDist=250, distanceScale=0.3)
2025-12-23T17:50:39 187.521 INF [compodensityfix] Allowed POI 'water_tower_03' at 6913, 10769 - passed distance check (minDist=250, distanceScale=0.3)
2025-12-23T17:50:39 187.528 INF [compodensityfix] Allowed POI 'water_tower_01' at 6913, 10739 - passed distance check (minDist=250, distanceScale=0.3)
2025-12-23T17:50:39 187.768 INF [compodensityfix] Allowed POI 'vb_fns_entrance_verysmallsinkhole' at 7256, 10932 - passed distance check (minDist=750, distanceScale=0.3)
2025-12-23T17:50:39 188.080 INF [compodensityfix] Allowed POI 'xcpv_burnt_shell_evilracc0on' at 7145, 10922 - passed distance check (minDist=4000, distanceScale=0.3)
2025-12-23T17:50:39 188.086 INF [compodensityfix] Allowed POI 'xcpv_house_11_zyncosa' at 7145, 10895 - passed distance check (minDist=4000, distanceScale=0.3)
2025-12-23T17:50:39 188.220 INF [compodensityfix] Allowed POI 'xcpv_dog_park_01_zztong' at 7329, 10595 - passed distance check (minDist=4000, distanceScale=0.3)
2025-12-23T17:50:39 188.225 INF [compodensityfix] Allowed POI 'xcpv_house_01_kuldiin' at 7295, 10622 - passed distance check (minDist=4000, distanceScale=0.3)
2025-12-23T17:50:39 188.230 INF [compodensityfix] Allowed POI 'vb_fns_peggys_petting_zoo' at 7295, 10595 - passed distance check (minDist=750, distanceScale=0.3)
2025-12-23T17:50:40 188.796 INF [compodensityfix] Allowed POI 'oldwest_strip_02' at 6841, 2813 - passed distance check (minDist=250, distanceScale=0.3)
2025-12-23T17:50:40 188.844 INF [compodensityfix] Allowed POI 'oldwest_business_03' at 6724, 2941 - passed distance check (minDist=250, distanceScale=0.3)
2025-12-23T17:50:40 188.846 INF [compodensityfix] Allowed POI 'oldwest_strip_04' at 6713, 2908 - passed distance check (minDist=250, distanceScale=0.3)
2025-12-23T17:50:40 188.848 INF [compodensityfix] Allowed POI 'oldwest_strip_03' at 6658, 2908 - passed distance check (minDist=250, distanceScale=0.3)
2025-12-23T17:50:40 188.882 INF [compodensityfix] Allowed POI 'oldwest_strip_01' at 6808, 2675 - passed distance check (minDist=250, distanceScale=0.3)
2025-12-23T17:50:40 189.264 INF [compodensityfix] Allowed POI 'vb_swope25_abandoned_bunker' at 9851, 6133 - passed distance check (minDist=750, distanceScale=0.3)
2025-12-23T17:50:41 189.399 INF [compodensityfix] Allowed POI 'vb_fns_entrance_verysmallsinkhole' at 9956, 5982 - passed distance check (minDist=750, distanceScale=0.3)
2025-12-23T17:50:41 189.515 INF [compodensityfix] Allowed POI 'vb_fns_peggys_petting_zoo' at 10104, 5835 - passed distance check (minDist=750, distanceScale=0.3)
2025-12-23T17:50:41 189.557 INF [compodensityfix] Allowed POI 'vb_fns_paddys_pumpkin_patch' at 9995, 5822 - passed distance check (minDist=750, distanceScale=0.3)
2025-12-23T17:50:41 189.565 INF [compodensityfix] REJECTED duplicate POI 'xcpv_house_02_stallionsden' at 9995, 5795 - would violate minimum distance of 4000 blocks (25% of 16000), distanceScale was 0
2025-12-23T17:50:41 189.565 WRN SpawnMarkerPartsAndPrefabs failed residential, tags , size 25, 25 25, 25, totalDensityLeft 1850
2025-12-23T17:50:41 189.613 INF [compodensityfix] REJECTED duplicate POI 'xcpv_gamers_cafe_mute' at 9843, 5982 - would violate minimum distance of 4000 blocks (25% of 16000), distanceScale was 0
2025-12-23T17:50:41 189.613 WRN SpawnMarkerPartsAndPrefabs failed commercial, tags , size 25, 25 25, 25, totalDensityLeft 1812.3
2025-12-23T17:50:41 189.618 INF [compodensityfix] REJECTED duplicate POI 'xcpv_gamers_cafe_mute' at 9806, 5982 - would violate minimum distance of 4000 blocks (25% of 16000), distanceScale was 0
2025-12-23T17:50:41 189.618 WRN SpawnMarkerPartsAndPrefabs failed commercial, tags , size 25, 25 25, 25, totalDensityLeft 1770.4
2025-12-23T17:50:41 189.975 INF [compodensityfix] Allowed POI 'xcpv_chicken_survivor_site_01_weazelsun' at 11184, 5121 - passed distance check (minDist=4000, distanceScale=0.3)
2025-12-23T17:50:41 189.986 INF [compodensityfix] Allowed POI 'xcpv_field_fish_01_zztong' at 11210, 5121 - passed distance check (minDist=4000, distanceScale=0.3)
2025-12-23T17:50:41 190.229 INF [compodensityfix] Allowed POI 'xcpv_house_06_zztong' at 11004, 5085 - passed distance check (minDist=4000, distanceScale=0.3)
2025-12-23T17:50:42 190.277 INF [compodensityfix] Allowed POI 'vb_fns_entrance_verysmallsinkhole' at 10706, 5232 - passed distance check (minDist=750, distanceScale=0.3)
2025-12-23T17:50:42 190.574 INF Trader dw_trader_joel, wasteland, rural, marker , at 4933, 9048
2025-12-23T17:50:42 190.586 INF [compodensityfix] Allowed POI 'vb_fns_sloped_cave' at 4963, 8905 - passed distance check (minDist=1000, distanceScale=0.3)
2025-12-23T17:50:42 190.598 INF [compodensityfix] Allowed POI 'vb_swope25_abandoned_bunker' at 4594, 9014 - passed distance check (minDist=750, distanceScale=0.3)
2025-12-23T17:50:42 190.719 INF [compodensityfix] Allowed POI 'vb_fns_spiral_cave' at 4666, 9164 - passed distance check (minDist=1000, distanceScale=0.3)
2025-12-23T17:50:43 191.355 INF Trader dw_trader_rekt, forest, rural, marker , at 4214, 7186
2025-12-23T17:50:43 191.365 INF [compodensityfix] Allowed POI 'vb_fns_sloped_cave' at 4255, 7186 - passed distance check (minDist=1000, distanceScale=0.3)
2025-12-23T17:50:43 191.407 INF Trader dw_trader_rekt, forest, rural, marker , at 4855, 7105
2025-12-23T17:50:43 191.454 INF [compodensityfix] Allowed POI 'vb_swope25_abandoned_bunker' at 4705, 6955 - passed distance check (minDist=750, distanceScale=0.3)
2025-12-23T17:50:43 191.523 INF [compodensityfix] Allowed POI 'xcpv_sale_01_stallionsden' at 4595, 7172 - passed distance check (minDist=4000, distanceScale=0.3)
2025-12-23T17:50:43 191.729 INF [compodensityfix] Allowed POI 'vb_fns_entrance_verysmallsinkhole' at 4706, 7182 - passed distance check (minDist=750, distanceScale=0.3)
2025-12-23T17:50:43 192.029 INF [compodensityfix] Allowed POI 'xcpv_field_hop_01_zztong' at 10601, 3883 - passed distance check (minDist=4000, distanceScale=0.3)
2025-12-23T17:50:43 192.136 INF [compodensityfix] Allowed POI 'xcpv_field_animals_01_zztong' at 10666, 3914 - passed distance check (minDist=4000, distanceScale=0.3)
2025-12-23T17:50:44 192.317 INF [compodensityfix] Allowed POI 'xcpv_gamers_cafe_mute' at 10856, 3582 - passed distance check (minDist=4000, distanceScale=0.3)
2025-12-23T17:50:44 192.364 INF [compodensityfix] Allowed POI 'xcpv_homeless_house_chickenrh' at 10745, 3422 - passed distance check (minDist=4000, distanceScale=0.3)
2025-12-23T17:50:44 192.371 INF [compodensityfix] Allowed POI 'xcpv_tiny_house_02_katspurr' at 10745, 3395 - passed distance check (minDist=4000, distanceScale=0.3)
2025-12-23T17:50:44 192.879 INF [compodensityfix] Allowed POI 'xcpv_farm_house_15_oscerc' at 8155, 2564 - passed distance check (minDist=4000, distanceScale=0.3)
2025-12-23T17:50:44 192.892 INF [compodensityfix] Allowed POI 'xcpv_peggys_petting_zoo_fns' at 8114, 2605 - passed distance check (minDist=4000, distanceScale=0.3)
2025-12-23T17:50:44 192.951 INF [compodensityfix] Allowed POI 'xcpv_burrows_nauti_angel' at 8344, 2455 - passed distance check (minDist=4000, distanceScale=0.3)
2025-12-23T17:50:44 193.006 INF [compodensityfix] Allowed POI 'xcpv_pet_salon_zeebark' at 8006, 2382 - passed distance check (minDist=4000, distanceScale=0.3)
2025-12-23T17:50:44 193.081 INF [compodensityfix] Allowed POI 'xcpv_tattoo_parlour_mute' at 8193, 2382 - passed distance check (minDist=4000, distanceScale=0.3)
2025-12-23T17:50:44 193.086 INF [compodensityfix] Allowed POI 'xcpv_pizza_time_fns' at 8156, 2382 - passed distance check (minDist=4000, distanceScale=0.3)
2025-12-23T17:50:45 193.363 INF Trader trader_bob, desert, gateway, marker , at 8065, 2942
2025-12-23T17:50:45 193.373 INF Trader trader_bob, desert, gateway, marker , at 7985, 1876
2025-12-23T17:50:45 193.911 INF [compodensityfix] Allowed POI 'xcpv_sale_03_stallionsden' at 2045, 6095 - passed distance check (minDist=4000, distanceScale=0.3)
2025-12-23T17:50:45 193.969 INF Trader trader_hugh, snow, gateway, marker , at 1915, 6692
2025-12-23T17:50:45 194.130 INF [compodensityfix] Allowed POI 'xcpv_stormwater_detention_pond_01_zztong' at 9039, 2828 - passed distance check (minDist=4000, distanceScale=0.3)
2025-12-23T17:50:48 196.963 INF Trader trader_bob, desert, gateway, marker , at 5885, 2739
2025-12-23T17:50:49 197.843 INF Trader trader_hugh, snow, gateway, marker , at 1535, 4576
2025-12-23T17:50:49 198.114 INF Trader dw_bunkermultitrader, wasteland, rural, marker , at 5962, 10618
2025-12-23T17:50:51 199.460 INF Trader trader_rekt, forest, gateway, marker , at 4535, 5926
2025-12-23T17:50:52 200.285 INF Trader trader_rekt, forest, gateway, marker , at 7085, 4576
2025-12-23T17:50:52 200.960 INF Trader trader_rekt, forest, gateway, marker , at 5585, 7989
2025-12-23T17:50:53 201.668 INF Trader trader_rekt, forest, gateway, marker , at 8139, 4315
2025-12-23T17:50:53 201.759 INF Trader trader_hugh, snow, gateway, marker , at 3789, 5215
2025-12-23T17:50:53 201.793 INF Trader trader_bob, desert, gateway, marker , at 5342, 3635
2025-12-23T17:50:53 201.845 INF Trader trader_hugh, snow, gateway, marker , at 2889, 7315
2025-12-23T17:50:53 201.903 INF TownPlanner SpawnPrefabs in 28.95, r=3d2909af
2025-12-23T17:50:55 203.949 INF WildernessPathPlanner Plan #721 in 2.044, r=74f0ea7a
Unloading 3 Unused Serialized files (Serialized files now loaded: 45)
Unloading 2997 unused Assets to reduce memory usage. Loaded Objects now: 142886.
Total: 62.648800 ms (FindLiveObjects: 8.060700 ms CreateObjectMapping: 2.105700 ms MarkObjects: 49.619400 ms  DeleteObjects: 2.862800 ms)

2025-12-23T17:50:55 204.104 INF WorldGenerator:Draw Roads: Time 2:33
2025-12-23T17:51:00 208.536 INF DrawRoads in 4.39
2025-12-23T17:51:00 208.537 INF WorldGenerator:Smooth Road Terrain: Time 2:37
2025-12-23T17:51:08 216.289 INF Smooth Road Terrain in 7.725
2025-12-23T17:51:08 216.290 INF [CustomTerrainRWG] FinalizeWater IEnumerator Prefix called!
2025-12-23T17:51:08 216.398 INF FinalizeWater in 0.107
Unloading 0 Unused Serialized files (Serialized files now loaded: 45)
Unloading 0 unused Assets to reduce memory usage. Loaded Objects now: 142886.
Total: 59.644200 ms (FindLiveObjects: 7.007000 ms CreateObjectMapping: 1.504000 ms MarkObjects: 50.978900 ms  DeleteObjects: 0.154100 ms)

2025-12-23T17:51:08 216.549 INF RWG final in 2:45, r=74f0ea7a
2025-12-23T17:51:08 216.552 INF WorldGenerator:Creating Preview: Time 2:45
2025-12-23T17:51:10 218.305 INF DrawStampGroup c32 'Road Layer', count 837, in 1.453
2025-12-23T17:51:12 221.047 INF CreatePreviewTexture in 4.497
2025-12-23T17:51:12 221.127 INF WorldGenerator:Generation Complete!: Time 2:49
